,time,price,change,volume,amount,type
0,09:30:07,20.93,-0.22,38,79661,卖盘
1,09:30:10,20.98,0.05,22,46116,买盘
2,09:30:13,20.98,0.0,1,2098,买盘
3,09:30:19,20.98,0.0,1,2098,卖盘
4,09:30:22,20.91,-0.07,6,12560,卖盘
5,09:30:25,20.91,0.0,3,6273,买盘
6,09:30:28,20.91,0.0,4,8364,买盘
7,09:30:34,20.91,0.0,5,10455,买盘
8,09:30:37,20.91,0.0,1,2091,买盘
9,09:30:40,20.91,0.0,5,10453,买盘
10,09:30:43,20.91,0.0,1,2091,卖盘
11,09:30:46,20.91,0.0,10,20910,卖盘
12,09:31:01,20.91,0.0,3,6273,卖盘
13,09:31:04,20.91,0.0,7,14637,卖盘
14,09:31:07,20.9,-0.01,20,41809,卖盘
15,09:31:10,20.91,0.01,13,27183,买盘
16,09:31:13,20.91,0.0,5,10455,买盘
17,09:31:16,20.91,0.0,10,20910,买盘
18,09:31:19,20.91,0.0,10,20910,买盘
19,09:31:22,20.9,-0.01,28,58520,卖盘
20,09:31:25,20.89,-0.01,22,45980,卖盘
21,09:31:28,20.89,0.0,33,68937,买盘
22,09:31:31,20.88,-0.01,24,50112,卖盘
23,09:31:37,20.89,0.01,29,60557,买盘
24,09:31:43,20.89,0.0,10,20890,买盘
25,09:31:46,20.85,-0.04,7,14596,卖盘
26,09:31:49,20.89,0.04,24,50109,买盘
27,09:32:04,20.86,-0.03,1,2086,买盘
28,09:32:07,20.86,0.0,14,29182,买盘
29,09:32:10,20.85,-0.01,2,4170,中性盘
30,09:32:13,20.85,0.0,7,14595,买盘
31,09:32:16,20.85,0.0,10,20850,买盘
32,09:32:19,20.85,0.0,17,35425,买盘
33,09:32:22,20.85,0.0,8,16680,买盘
34,09:32:28,20.85,0.0,41,85462,买盘
35,09:32:31,20.83,-0.02,46,95878,卖盘
36,09:32:34,20.83,0.0,6,12498,买盘
37,09:32:46,20.85,0.02,7,14595,卖盘
38,09:32:49,20.85,0.0,2,4170,卖盘
39,09:32:52,20.85,0.0,6,12510,卖盘
40,09:32:58,20.86,0.01,28,58382,中性盘
41,09:33:01,20.9,0.04,1,2090,买盘
42,09:33:04,20.86,-0.04,10,20860,卖盘
43,09:33:07,20.85,-0.01,13,27111,卖盘
44,09:33:10,20.87,0.02,3,6267,中性盘
45,09:33:13,20.9,0.03,16,33413,买盘
46,09:33:25,20.91,0.01,5,10455,买盘
47,09:33:28,20.9,-0.01,7,14630,卖盘
48,09:33:31,20.9,0.0,4,8360,卖盘
49,09:33:34,20.9,0.0,19,39710,买盘
50,09:33:37,20.9,0.0,2,4180,买盘
51,09:33:40,20.9,0.0,1,2090,买盘
52,09:33:46,20.87,-0.03,25,52215,卖盘
53,09:33:49,20.87,0.0,14,29218,卖盘
54,09:34:01,20.91,0.04,2,4182,买盘
55,09:34:07,20.88,-0.03,15,31320,卖盘
56,09:34:10,20.91,0.03,42,87717,买盘
57,09:34:25,20.91,0.0,13,27183,卖盘
58,09:34:28,20.91,0.0,15,31365,卖盘
59,09:34:46,20.91,0.0,10,20910,卖盘
60,09:34:49,20.91,0.0,16,33456,卖盘
61,09:34:52,20.91,0.0,2,4182,卖盘
62,09:34:55,20.91,0.0,6,12539,卖盘
63,09:34:58,20.91,0.0,1,2091,卖盘
64,09:35:04,20.91,0.0,14,29274,卖盘
65,09:35:07,20.91,0.0,1,2091,买盘
66,09:35:10,20.9,-0.01,18,37626,卖盘
67,09:35:13,20.88,-0.02,5,10440,卖盘
68,09:35:16,20.88,0.0,8,16704,卖盘
69,09:35:19,20.88,0.0,17,35502,卖盘
70,09:35:22,20.87,-0.01,31,64710,卖盘
71,09:35:25,20.86,-0.01,19,39642,卖盘
72,09:35:28,20.85,-0.01,14,29197,卖盘
73,09:35:31,20.88,0.03,19,39646,买盘
74,09:35:34,20.85,-0.03,36,75060,卖盘
75,09:35:37,20.83,-0.02,25,52108,卖盘
76,09:35:40,20.85,0.02,14,29164,买盘
77,09:35:43,20.84,-0.01,69,143743,卖盘
78,09:35:46,20.82,-0.02,26,54175,卖盘
79,09:35:49,20.82,0.0,8,16656,卖盘
80,09:35:52,20.82,0.0,19,39558,卖盘
81,09:35:55,20.82,0.0,8,16661,卖盘
82,09:35:58,20.83,0.01,12,24988,中性盘
83,09:36:04,20.8,-0.03,200,416153,卖盘
84,09:36:07,20.82,0.02,1,2082,中性盘
85,09:36:10,20.82,0.0,1,2082,买盘
86,09:36:13,20.8,-0.02,121,251680,卖盘
87,09:36:16,20.78,-0.02,18,37409,卖盘
88,09:36:19,20.8,0.02,5,10397,买盘
89,09:36:22,20.8,0.0,65,135200,买盘
90,09:36:25,20.75,-0.05,9,18692,卖盘
91,09:36:28,20.75,0.0,29,60188,卖盘
92,09:36:31,20.76,0.01,10,20746,买盘
93,09:36:34,20.73,-0.03,2,4146,卖盘
94,09:36:37,20.71,-0.02,6,12428,卖盘
95,09:36:43,20.71,0.0,8,16568,卖盘
96,09:36:49,20.72,0.01,76,157397,中性盘
97,09:36:55,20.75,0.03,11,22795,买盘
98,09:36:58,20.72,-0.03,3,6216,卖盘
99,09:37:01,20.71,-0.01,40,82865,卖盘
100,09:37:07,20.72,0.01,35,72491,卖盘
101,09:37:10,20.7,-0.02,79,163534,卖盘
102,09:37:13,20.7,0.0,2,4140,买盘
103,09:37:16,20.7,0.0,28,57960,买盘
104,09:37:19,20.7,0.0,23,47610,买盘
105,09:37:22,20.67,-0.03,31,64087,卖盘
106,09:37:25,20.7,0.03,62,128244,买盘
107,09:37:28,20.66,-0.04,16,33087,卖盘
108,09:37:34,20.7,0.04,51,105564,买盘
109,09:37:40,20.68,-0.02,2,4136,卖盘
110,09:37:46,20.69,0.01,30,62070,买盘
111,09:37:49,20.7,0.01,217,449147,买盘
112,09:37:52,20.7,0.0,1,2070,买盘
113,09:37:55,20.69,-0.01,16,33114,卖盘
114,09:37:58,20.7,0.01,8,16560,买盘
115,09:38:01,20.7,0.0,2,4140,卖盘
116,09:38:04,20.7,0.0,107,221490,卖盘
117,09:38:07,20.7,0.0,16,33120,买盘
118,09:38:10,20.69,-0.01,16,33110,卖盘
119,09:38:13,20.75,0.06,11,22805,买盘
120,09:38:19,20.7,-0.05,1,2070,卖盘
121,09:38:22,20.75,0.05,3,6225,买盘
122,09:38:28,20.71,-0.04,16,33136,卖盘
123,09:38:31,20.75,0.04,7,14525,买盘
124,09:38:34,20.74,-0.01,1,2074,买盘
125,09:38:37,20.71,-0.03,32,66324,卖盘
126,09:38:43,20.72,0.01,40,82956,卖盘
127,09:39:01,20.74,0.02,13,26962,卖盘
128,09:39:07,20.81,0.07,3,6243,买盘
129,09:39:19,20.81,0.0,3,6243,买盘
130,09:39:28,20.81,0.0,1,2081,买盘
131,09:39:40,20.81,0.0,1,2081,买盘
132,09:39:49,20.81,0.0,2,4162,买盘
133,09:39:55,20.81,0.0,21,43689,买盘
134,09:39:58,20.81,0.0,27,56187,买盘
135,09:40:01,20.82,0.01,2,4164,买盘
136,09:40:04,20.81,-0.01,6,12486,卖盘
137,09:40:10,20.81,0.0,4,8324,卖盘
138,09:40:16,20.81,0.0,6,12486,买盘
139,09:40:22,20.75,-0.06,59,122470,卖盘
140,09:40:37,20.81,0.06,3,6243,买盘
141,09:40:55,20.8,-0.01,33,68670,中性盘
142,09:41:07,20.81,0.01,11,22891,卖盘
143,09:41:10,20.81,0.0,5,10405,卖盘
144,09:41:16,20.82,0.01,1,2082,卖盘
145,09:41:25,20.81,-0.01,6,12489,卖盘
146,09:41:28,20.84,0.03,5,10420,买盘
147,09:41:40,20.84,0.0,50,104196,买盘
148,09:41:43,20.81,-0.03,5,10405,卖盘
149,09:41:46,20.81,0.0,5,10409,卖盘
150,09:41:52,20.83,0.02,5,10415,买盘
151,09:41:55,20.83,0.0,12,24996,买盘
152,09:41:58,20.84,0.01,9,18756,买盘
153,09:42:01,20.84,0.0,21,43764,买盘
154,09:42:04,20.87,0.03,10,20852,买盘
155,09:42:10,20.87,0.0,10,20870,买盘
156,09:42:13,20.87,0.0,1,2087,买盘
157,09:42:16,20.87,0.0,1,2087,买盘
158,09:42:19,20.87,0.0,3,6261,买盘
159,09:42:22,20.87,0.0,1,2087,买盘
160,09:42:25,20.87,0.0,5,10435,卖盘
161,09:42:28,20.87,0.0,6,12522,卖盘
162,09:42:58,20.92,0.05,3,6276,买盘
163,09:43:04,20.92,0.0,6,12552,买盘
164,09:43:13,20.92,0.0,5,10460,卖盘
165,09:43:16,20.92,0.0,8,16735,买盘
166,09:43:19,20.92,0.0,4,8368,买盘
167,09:43:22,20.92,0.0,1,2092,买盘
168,09:43:31,20.92,0.0,9,18828,买盘
169,09:43:37,20.88,-0.04,10,20880,卖盘
170,09:43:43,20.88,0.0,2,4176,买盘
171,09:43:49,20.9,0.02,1,2090,买盘
172,09:43:52,20.9,0.0,1,2090,买盘
173,09:43:55,20.87,-0.03,20,41747,卖盘
174,09:44:01,20.9,0.03,1,2090,买盘
175,09:44:22,20.92,0.02,10,20920,买盘
176,09:44:25,20.92,0.0,2,4184,买盘
177,09:44:28,20.9,-0.02,7,14630,卖盘
178,09:44:31,20.91,0.01,7,14637,买盘
179,09:44:37,20.91,0.0,1,2091,买盘
180,09:44:40,20.91,0.0,1,2091,买盘
181,09:44:43,20.91,0.0,2,4182,买盘
182,09:44:49,20.9,-0.01,2,4181,卖盘
183,09:44:55,20.92,0.02,10,20917,买盘
184,09:45:04,20.92,0.0,1,2092,买盘
185,09:45:07,20.92,0.0,2,4184,买盘
186,09:45:10,20.92,0.0,6,12550,买盘
187,09:45:13,20.92,0.0,18,37656,买盘
188,09:45:19,20.93,0.01,2,4186,买盘
189,09:45:22,20.93,0.0,3,6279,买盘
190,09:45:25,20.93,0.0,2,4186,买盘
191,09:45:31,20.93,0.0,1,2093,买盘
192,09:45:34,20.93,0.0,1,2093,买盘
193,09:45:37,20.92,-0.01,12,25111,卖盘
194,09:45:40,20.93,0.01,6,12556,买盘
195,09:45:49,20.93,0.0,5,10465,卖盘
196,09:45:52,20.93,0.0,14,29302,卖盘
197,09:45:55,20.93,0.0,1,2093,卖盘
198,09:45:58,20.94,0.01,10,20940,买盘
199,09:46:01,20.93,-0.01,13,27209,卖盘
200,09:46:04,20.93,0.0,10,20930,买盘
201,09:46:10,20.93,0.0,10,20930,买盘
202,09:46:13,20.92,-0.01,3,6276,卖盘
203,09:46:16,20.9,-0.02,61,127549,卖盘
204,09:46:22,20.9,0.0,18,37620,买盘
205,09:46:31,20.87,-0.03,6,12522,卖盘
206,09:46:34,20.87,0.0,4,8348,买盘
207,09:46:40,20.9,0.03,11,22969,买盘
208,09:46:43,20.9,0.0,4,8360,买盘
209,09:46:46,20.9,0.0,4,8360,买盘
210,09:46:49,20.9,0.0,6,12540,买盘
211,09:46:52,20.9,0.0,13,27170,买盘
212,09:46:55,20.9,0.0,4,8360,买盘
213,09:46:58,20.93,0.03,20,41835,买盘
214,09:47:01,20.93,0.0,9,18837,买盘
215,09:47:04,20.93,0.0,15,31395,买盘
216,09:47:07,20.93,0.0,11,23023,买盘
217,09:47:10,20.93,0.0,9,18837,买盘
218,09:47:13,20.93,0.0,7,14651,买盘
219,09:47:16,20.93,0.0,6,12558,买盘
220,09:47:19,20.93,0.0,4,8372,买盘
221,09:47:22,20.93,0.0,7,14648,买盘
222,09:47:25,20.95,0.02,2,4189,买盘
223,09:47:28,20.95,0.0,3,6285,买盘
224,09:47:31,20.95,0.0,2,4190,买盘
225,09:47:37,20.95,0.0,1,2095,买盘
226,09:48:07,20.95,0.0,3,6285,买盘
227,09:48:13,20.95,0.0,5,10475,买盘
228,09:48:22,20.95,0.0,2,4190,买盘
229,09:48:34,20.95,0.0,5,10475,买盘
230,09:48:37,20.95,0.0,2,4190,买盘
231,09:48:43,20.93,-0.02,2,4186,卖盘
232,09:48:46,20.95,0.02,7,14665,买盘
233,09:48:49,20.95,0.0,10,20950,买盘
234,09:48:52,20.93,-0.02,32,67008,卖盘
235,09:48:55,20.93,0.0,1,2093,买盘
236,09:48:58,20.93,0.0,11,23023,买盘
237,09:49:01,20.93,0.0,5,10465,买盘
238,09:49:04,20.92,-0.01,90,188280,卖盘
239,09:49:13,20.93,0.01,1,2093,买盘
240,09:49:25,20.93,0.0,1,2093,买盘
241,09:49:28,20.93,0.0,19,39767,买盘
242,09:49:31,20.93,0.0,2,4186,买盘
243,09:49:37,20.93,0.0,7,14651,买盘
244,09:49:46,20.93,0.0,5,10465,买盘
245,09:49:55,20.95,0.02,1,2095,买盘
246,09:50:07,20.94,-0.01,5,10470,中性盘
247,09:50:28,20.92,-0.02,5,10462,卖盘
248,09:50:55,20.93,0.01,16,33482,买盘
249,09:50:58,20.92,-0.01,50,104600,卖盘
250,09:51:01,20.92,0.0,18,37656,卖盘
251,09:51:04,20.93,0.01,1,2093,买盘
252,09:51:07,20.92,-0.01,79,165275,卖盘
253,09:51:19,20.92,0.0,1,2092,买盘
254,09:51:40,20.92,0.0,5,10460,买盘
255,09:52:16,20.92,0.0,10,20920,买盘
256,09:52:25,20.92,0.0,13,27196,买盘
257,09:52:37,20.9,-0.02,1,2090,卖盘
258,09:52:45,20.94,0.04,2,4188,买盘
259,09:52:58,20.94,0.0,2,4188,买盘
260,09:53:10,20.92,-0.02,14,29314,卖盘
261,09:53:12,20.92,0.0,3,6276,卖盘
262,09:53:22,20.94,0.02,64,133958,买盘
263,09:53:28,20.9,-0.04,21,43890,卖盘
264,09:53:31,20.9,0.0,8,16720,卖盘
265,09:53:37,20.88,-0.02,1,2088,卖盘
266,09:53:43,20.88,0.0,20,41760,卖盘
267,09:53:46,20.9,0.02,2,4180,买盘
268,09:53:49,20.9,0.0,1,2090,卖盘
269,09:53:52,20.9,0.0,6,12540,卖盘
270,09:54:01,20.88,-0.02,24,50114,卖盘
271,09:54:15,20.87,-0.01,10,20870,卖盘
272,09:54:19,20.88,0.01,6,12528,买盘
273,09:54:43,20.87,-0.01,19,39659,卖盘
274,09:54:52,20.87,0.0,4,8348,买盘
275,09:54:58,20.86,-0.01,1,2086,卖盘
276,09:55:00,20.86,0.0,49,102214,卖盘
277,09:55:10,20.86,0.0,5,10430,卖盘
278,09:55:16,20.87,0.01,5,10435,买盘
279,09:55:19,20.86,-0.01,10,20860,卖盘
280,09:55:31,20.86,0.0,4,8344,卖盘
281,09:55:40,20.86,0.0,17,35462,卖盘
282,09:55:46,20.87,0.01,2,4174,买盘
283,09:55:49,20.87,0.0,14,29214,买盘
284,09:56:01,20.86,-0.01,5,10430,卖盘
285,09:56:04,20.86,0.0,9,18774,卖盘
286,09:56:10,20.86,0.0,4,8344,卖盘
287,09:56:19,20.86,0.0,4,8344,卖盘
288,09:56:31,20.86,0.0,5,10430,卖盘
289,09:56:40,20.86,0.0,4,8344,卖盘
290,09:56:52,20.86,0.0,4,8344,卖盘
291,09:56:58,20.87,0.01,136,283832,买盘
292,09:57:01,20.87,0.0,5,10435,卖盘
293,09:57:10,20.87,0.0,4,8348,卖盘
294,09:57:18,20.88,0.01,20,41760,买盘
295,09:57:22,20.87,-0.01,4,8348,卖盘
296,09:57:25,20.88,0.01,6,12528,买盘
297,09:57:31,20.88,0.0,5,10440,卖盘
298,09:57:40,20.88,0.0,4,8352,卖盘
299,09:57:52,20.88,0.0,5,10440,卖盘
300,09:58:01,20.88,0.0,4,8352,卖盘
301,09:58:10,20.89,0.01,4,8356,中性盘
302,09:58:22,20.95,0.06,25,52344,买盘
303,09:58:31,20.89,-0.06,4,8356,卖盘
304,09:58:33,20.89,0.0,5,10445,卖盘
305,09:58:37,20.95,0.06,3,6285,买盘
306,09:58:40,20.89,-0.06,4,8356,卖盘
307,09:58:52,20.89,0.0,4,8356,卖盘
308,09:59:01,20.9,0.01,9,18805,买盘
309,09:59:10,20.9,0.0,5,10450,卖盘
310,09:59:22,20.9,0.0,4,8360,卖盘
311,09:59:31,20.9,0.0,4,8360,卖盘
312,09:59:34,20.95,0.05,2,4190,买盘
313,09:59:39,20.9,-0.05,6,12545,卖盘
314,09:59:52,20.9,0.0,4,8360,卖盘
315,10:00:01,20.9,0.0,4,8360,卖盘
316,10:00:10,20.9,0.0,5,10450,卖盘
317,10:00:22,20.9,0.0,4,8360,卖盘
318,10:00:31,20.9,0.0,1,2090,卖盘
319,10:00:40,20.89,-0.01,5,10445,卖盘
320,10:00:52,20.9,0.01,7,14626,买盘
321,10:01:01,20.9,0.0,5,10450,卖盘
322,10:01:10,20.9,0.0,2,4180,卖盘
323,10:01:22,20.9,0.0,6,12536,买盘
324,10:01:25,20.89,-0.01,10,20899,卖盘
325,10:01:31,20.9,0.01,125,262142,买盘
326,10:01:40,20.9,0.0,4,8364,卖盘
327,10:01:52,20.91,0.01,4,8364,卖盘
328,10:02:01,20.92,0.01,5,10460,卖盘
329,10:02:10,20.92,0.0,4,8368,卖盘
330,10:02:13,21.0,0.08,27,56700,买盘
331,10:02:22,21.0,0.0,4,8400,卖盘
332,10:02:31,21.0,0.0,9,18911,卖盘
333,10:02:40,21.0,0.0,4,8400,卖盘
334,10:02:49,21.0,0.0,5,10500,卖盘
335,10:02:52,21.0,0.0,5,10500,卖盘
336,10:03:01,20.92,-0.08,4,8368,卖盘
337,10:03:10,21.0,0.08,3,6300,中性盘
338,10:03:13,21.0,0.0,4,8400,卖盘
339,10:03:16,21.03,0.03,5,10515,买盘
340,10:03:19,21.03,0.0,2,4206,卖盘
341,10:03:21,21.03,0.0,11,23136,卖盘
342,10:03:28,21.03,0.0,5,10515,卖盘
343,10:03:31,21.03,0.0,9,18929,卖盘
344,10:03:43,21.03,0.0,5,10503,买盘
345,10:03:49,20.93,-0.1,41,85869,卖盘
346,10:03:58,20.93,0.0,10,20930,买盘
347,10:04:01,20.92,-0.01,14,29368,卖盘
348,10:04:04,21.0,0.08,5,10500,买盘
349,10:04:10,21.0,0.0,5,10500,买盘
350,10:04:13,21.0,0.0,4,8400,卖盘
351,10:04:22,21.0,0.0,5,10500,卖盘
352,10:04:28,21.03,0.03,20,42030,买盘
353,10:04:31,21.0,-0.03,4,8400,卖盘
354,10:04:34,21.02,0.02,10,21020,买盘
355,10:04:43,21.0,-0.02,5,10500,卖盘
356,10:04:46,21.0,0.0,3,6300,卖盘
357,10:04:49,21.0,0.0,3,6300,中性盘
358,10:04:58,21.0,0.0,1,2100,买盘
359,10:05:01,20.94,-0.06,4,8376,中性盘
360,10:05:07,21.0,0.06,39,81900,买盘
361,10:05:10,21.01,0.01,49,102920,买盘
362,10:05:13,20.94,-0.07,5,10470,卖盘
363,10:05:16,21.0,0.06,5,10500,中性盘
364,10:05:22,20.94,-0.06,4,8376,卖盘
365,10:05:31,20.94,0.0,4,8376,卖盘
366,10:05:43,20.98,0.04,5,10490,中性盘
367,10:05:52,20.94,-0.04,4,8376,卖盘
368,10:06:01,20.94,0.0,4,8376,卖盘
369,10:06:07,20.94,0.0,15,31410,卖盘
370,10:06:13,20.94,0.0,5,10470,买盘
371,10:06:19,20.93,-0.01,9,18837,卖盘
372,10:06:22,20.93,0.0,4,8372,卖盘
373,10:06:25,20.94,0.01,10,20935,买盘
374,10:06:31,20.93,-0.01,5,10465,卖盘
375,10:06:40,20.9,-0.03,88,184043,卖盘
376,10:06:52,20.9,0.0,4,8360,卖盘
377,10:07:01,20.9,0.0,5,10450,卖盘
378,10:07:13,20.89,-0.01,4,8356,卖盘
379,10:07:22,20.89,0.0,4,8356,卖盘
380,10:07:31,20.89,0.0,5,10445,卖盘
381,10:07:34,20.89,0.0,2,4178,卖盘
382,10:07:37,20.89,0.0,7,14623,卖盘
383,10:07:42,20.89,0.0,2,4178,买盘
384,10:07:52,20.88,-0.01,11,22973,卖盘
385,10:08:01,20.89,0.01,4,8356,卖盘
386,10:08:13,20.89,0.0,4,8356,卖盘
387,10:08:22,20.89,0.0,5,10445,卖盘
388,10:08:31,20.9,0.01,4,8360,卖盘
389,10:08:43,20.9,0.0,4,8360,卖盘
390,10:08:52,20.9,0.0,5,10450,卖盘
391,10:09:04,20.9,0.0,4,8360,卖盘
392,10:09:13,20.9,0.0,4,8360,卖盘
393,10:09:22,20.9,0.0,5,10450,卖盘
394,10:09:34,20.9,0.0,4,8360,卖盘
395,10:09:43,20.91,0.01,5,10455,卖盘
396,10:09:49,20.91,0.0,6,12546,卖盘
397,10:09:51,20.91,0.0,4,8364,中性盘
398,10:10:01,20.93,0.02,1,2093,买盘
399,10:10:04,20.91,-0.02,4,8364,卖盘
400,10:10:07,20.91,0.0,8,16730,卖盘
401,10:10:13,20.91,0.0,5,10455,卖盘
402,10:10:22,20.91,0.0,4,8364,卖盘
403,10:10:34,20.91,0.0,4,8364,卖盘
404,10:10:40,20.9,-0.01,200,418028,卖盘
405,10:10:43,20.92,0.02,9,18828,买盘
406,10:10:49,20.92,0.0,10,20920,卖盘
407,10:10:52,20.92,0.0,2,4184,卖盘
408,10:11:00,20.92,0.0,1,2092,买盘
409,10:11:04,20.9,-0.02,4,8360,卖盘
410,10:11:13,20.9,0.0,5,10450,卖盘
411,10:11:22,20.9,0.0,4,8360,卖盘
412,10:11:34,20.9,0.0,5,10450,卖盘
413,10:11:43,20.91,0.01,2,4182,卖盘
414,10:11:52,20.9,-0.01,4,8360,卖盘
415,10:12:01,20.9,0.0,1,2090,卖盘
416,10:12:04,20.9,0.0,5,10450,卖盘
417,10:12:13,20.9,0.0,4,8360,卖盘
418,10:12:19,20.9,0.0,20,41800,卖盘
419,10:12:22,20.9,0.0,4,8360,卖盘
420,10:12:28,20.9,0.0,8,16720,卖盘
421,10:12:33,20.9,0.0,5,10450,卖盘
422,10:12:36,20.9,0.0,6,12540,卖盘
423,10:12:43,20.9,0.0,4,8360,卖盘
424,10:12:46,20.9,0.0,15,31350,卖盘
425,10:12:51,20.9,0.0,4,8360,卖盘
426,10:13:04,20.9,0.0,5,10450,卖盘
427,10:13:13,20.9,0.0,4,8360,卖盘
428,10:13:22,20.9,0.0,5,10450,卖盘
429,10:13:34,20.9,0.0,4,8360,卖盘
430,10:13:40,20.91,0.01,2,4182,买盘
431,10:13:43,20.9,-0.01,4,8360,卖盘
432,10:13:52,20.91,0.01,6,12547,卖盘
433,10:14:04,20.91,0.0,9,18819,卖盘
434,10:14:13,20.91,0.0,4,8364,卖盘
435,10:14:22,20.92,0.01,5,10460,卖盘
436,10:14:33,20.91,-0.01,4,8364,卖盘
437,10:14:43,20.91,0.0,4,8364,卖盘
438,10:14:52,20.91,0.0,5,10455,卖盘
439,10:15:04,20.92,0.01,4,8368,卖盘
440,10:15:13,20.91,-0.01,5,10455,卖盘
441,10:15:16,20.91,0.0,25,52275,卖盘
442,10:15:22,20.9,-0.01,4,8360,卖盘
443,10:15:24,20.97,0.07,22,46008,买盘
444,10:15:27,20.9,-0.07,31,64822,卖盘
445,10:15:43,20.91,0.01,4,8364,卖盘
446,10:15:46,20.92,0.01,5,10459,买盘
447,10:15:52,20.92,0.0,4,8368,卖盘
448,10:16:04,20.92,0.0,4,8368,卖盘
449,10:16:06,20.92,0.0,5,10460,中性盘
450,10:16:13,20.91,-0.01,5,10455,卖盘
451,10:16:24,20.91,0.0,4,8364,卖盘
452,10:16:34,20.91,0.0,8,16728,卖盘
453,10:16:43,20.91,0.0,4,8364,卖盘
454,10:16:55,20.91,0.0,4,8364,卖盘
455,10:17:04,20.91,0.0,5,10455,卖盘
456,10:17:13,20.91,0.0,4,8364,卖盘
457,10:17:16,20.91,0.0,9,18819,卖盘
458,10:17:25,20.9,-0.01,4,8360,卖盘
459,10:17:34,20.9,0.0,5,10450,卖盘
460,10:17:43,20.9,0.0,4,8360,卖盘
461,10:17:55,20.9,0.0,4,8360,卖盘
462,10:18:00,20.91,0.01,2,4182,买盘
463,10:18:04,20.9,-0.01,5,10450,卖盘
464,10:18:13,20.9,0.0,4,8360,卖盘
465,10:18:25,20.9,0.0,5,10450,卖盘
466,10:18:34,20.9,0.0,4,8360,卖盘
467,10:18:42,20.9,0.0,7,14633,卖盘
468,10:18:55,20.9,0.0,5,10450,卖盘
469,10:18:57,20.9,0.0,10,20900,卖盘
470,10:19:04,20.91,0.01,14,29270,买盘
471,10:19:12,20.9,-0.01,4,8360,卖盘
472,10:19:25,20.9,0.0,5,10450,卖盘
473,10:19:27,20.9,0.0,69,144210,卖盘
474,10:19:34,20.92,0.02,9,18824,买盘
475,10:19:43,20.9,-0.02,4,8360,卖盘
476,10:19:46,20.9,0.0,13,27170,卖盘
477,10:19:55,20.9,0.0,5,10450,卖盘
478,10:20:04,20.9,0.0,4,8360,卖盘
479,10:20:10,20.9,0.0,144,300960,卖盘
480,10:20:13,20.9,0.0,5,10450,卖盘
481,10:20:19,20.9,0.0,41,85690,卖盘
482,10:20:22,20.9,0.0,2,4180,卖盘
483,10:20:25,20.9,0.0,4,8360,卖盘
484,10:20:34,20.9,0.0,4,8360,卖盘
485,10:20:37,20.9,0.0,8,16722,卖盘
486,10:20:43,20.9,0.0,5,10450,卖盘
487,10:20:46,20.9,0.0,42,87780,卖盘
488,10:20:52,20.9,0.0,8,16720,卖盘
489,10:20:58,20.9,0.0,18,37620,买盘
490,10:21:04,20.89,-0.01,14,29264,卖盘
491,10:21:13,20.89,0.0,8,16715,卖盘
492,10:21:25,20.89,0.0,3,6267,卖盘
493,10:21:34,20.88,-0.01,5,10441,卖盘
494,10:21:43,20.88,0.0,5,10440,卖盘
495,10:21:55,20.88,0.0,4,8352,卖盘
496,10:22:04,20.88,0.0,5,10440,卖盘
497,10:22:07,20.88,0.0,4,8352,卖盘
498,10:22:15,20.89,0.01,4,8356,卖盘
499,10:22:25,20.89,0.0,4,8356,卖盘
500,10:22:34,20.89,0.0,2,4178,卖盘
501,10:22:37,20.89,0.0,27,56403,买盘
502,10:22:43,20.89,0.0,5,10445,卖盘
503,10:22:49,20.89,0.0,1,2089,买盘
504,10:22:52,20.9,0.01,8,16717,买盘
505,10:22:55,20.88,-0.02,14,29242,卖盘
506,10:23:04,20.88,0.0,49,102312,卖盘
507,10:23:22,20.88,0.0,19,39672,卖盘
508,10:23:25,20.89,0.01,1,2089,买盘
509,10:23:31,20.88,-0.01,3,6264,卖盘
510,10:23:45,20.88,0.0,30,62640,卖盘
511,10:23:49,20.89,0.01,23,48047,买盘
512,10:23:51,20.88,-0.01,10,20880,卖盘
513,10:24:01,20.88,0.0,20,41760,卖盘
514,10:24:13,20.89,0.01,3,6267,买盘
515,10:24:15,20.89,0.0,1,2089,买盘
516,10:25:04,20.88,-0.01,4,8352,卖盘
517,10:25:07,20.89,0.01,5,10445,买盘
518,10:25:13,20.89,0.0,3,6267,卖盘
519,10:25:15,20.89,0.0,1,2089,卖盘
520,10:25:25,20.88,-0.01,4,8352,卖盘
521,10:25:37,20.88,0.0,23,48034,卖盘
522,10:25:46,20.88,0.0,5,10440,卖盘
523,10:25:52,20.88,0.0,80,167040,卖盘
524,10:25:55,20.88,0.0,6,12529,卖盘
525,10:26:07,20.88,0.0,5,10440,卖盘
526,10:26:10,20.88,0.0,1,2088,卖盘
527,10:26:16,20.89,0.01,4,8356,中性盘
528,10:26:19,20.9,0.01,1,2090,买盘
529,10:26:22,20.89,-0.01,5,10445,卖盘
530,10:26:24,20.89,0.0,4,8356,卖盘
531,10:26:37,20.89,0.0,5,10445,卖盘
532,10:26:45,20.89,0.0,4,8356,卖盘
533,10:26:55,20.89,0.0,4,8356,卖盘
534,10:27:07,20.89,0.0,5,10445,卖盘
535,10:27:12,20.9,0.01,1,2090,买盘
536,10:27:15,20.9,0.0,6,12532,买盘
537,10:27:25,20.9,0.0,1,2090,卖盘
538,10:27:37,20.88,-0.02,5,10440,卖盘
539,10:27:46,20.89,0.01,4,8356,卖盘
540,10:27:55,20.89,0.0,5,10445,卖盘
541,10:28:07,20.89,0.0,4,8356,卖盘
542,10:28:16,20.89,0.0,4,8356,卖盘
543,10:28:27,20.89,0.0,5,10445,卖盘
544,10:28:37,20.89,0.0,4,8356,卖盘
545,10:28:46,20.89,0.0,4,8356,卖盘
546,10:28:55,20.89,0.0,13,27157,卖盘
547,10:28:58,20.89,0.0,15,31335,卖盘
548,10:29:07,20.9,0.01,7,14626,买盘
549,10:29:12,20.9,0.0,5,10450,卖盘
550,10:29:16,20.9,0.0,17,35530,卖盘
551,10:29:28,20.89,-0.01,5,10445,卖盘
552,10:29:37,20.89,0.0,4,8356,卖盘
553,10:29:46,20.89,0.0,5,10445,卖盘
554,10:29:49,20.9,0.01,1,2090,买盘
555,10:29:58,20.89,-0.01,4,8356,卖盘
556,10:30:07,20.89,0.0,4,8356,卖盘
557,10:30:16,20.89,0.0,5,10445,卖盘
558,10:30:27,20.89,0.0,4,8356,卖盘
559,10:30:31,20.9,0.01,15,31342,买盘
560,10:30:40,20.89,-0.01,1,2089,买盘
561,10:30:45,20.88,-0.01,5,10440,卖盘
562,10:30:58,20.88,0.0,4,8352,卖盘
563,10:31:04,20.88,0.0,65,135720,卖盘
564,10:31:07,20.88,0.0,5,10440,卖盘
565,10:31:16,20.88,0.0,4,8352,卖盘
566,10:31:21,20.88,0.0,10,20880,卖盘
567,10:31:28,20.88,0.0,4,8352,卖盘
568,10:31:31,20.88,0.0,24,50112,卖盘
569,10:31:34,20.88,0.0,10,20880,卖盘
570,10:31:37,20.88,0.0,5,10440,卖盘
571,10:31:43,20.88,0.0,17,35496,卖盘
572,10:31:46,20.87,-0.01,15,31314,卖盘
573,10:31:58,20.86,-0.01,4,8344,卖盘
574,10:32:01,20.86,0.0,23,47978,卖盘
575,10:32:16,20.85,-0.01,9,18765,卖盘
576,10:32:25,20.85,0.0,2,4170,买盘
577,10:32:28,20.84,-0.01,4,8336,卖盘
578,10:32:36,20.84,0.0,5,10420,卖盘
579,10:32:45,20.83,-0.01,4,8332,卖盘
580,10:32:58,20.84,0.01,5,10420,卖盘
581,10:33:06,20.83,-0.01,43,89579,卖盘
582,10:33:10,20.83,0.0,3,6249,买盘
583,10:33:16,20.82,-0.01,4,8328,卖盘
584,10:33:25,20.83,0.01,4,8749,买盘
585,10:33:28,20.83,0.0,5,10415,卖盘
586,10:33:37,20.83,0.0,4,8332,卖盘
587,10:33:45,20.83,0.0,7,14581,卖盘
588,10:33:58,20.83,0.0,1,1666,买盘
589,10:34:07,20.83,0.0,9,18743,买盘
590,10:34:10,20.83,0.0,1,2083,买盘
591,10:34:13,20.83,0.0,9,19164,买盘
592,10:34:19,20.82,-0.01,4,8329,买盘
593,10:34:27,20.82,0.0,5,10410,卖盘
594,10:34:37,20.82,0.0,1,1666,买盘
595,10:34:40,20.81,-0.01,10,20810,卖盘
596,10:34:43,20.82,0.01,6,12908,买盘
597,10:34:46,20.84,0.02,4,8336,买盘
598,10:34:49,20.8,-0.04,58,120667,卖盘
599,10:34:58,20.8,0.0,7,14566,卖盘
600,10:35:07,20.8,0.0,4,8320,卖盘
601,10:35:19,20.8,0.0,5,10402,卖盘
602,10:35:28,20.8,0.0,9,18735,卖盘
603,10:35:37,20.8,0.0,4,8320,卖盘
604,10:35:40,20.8,0.0,2,4160,卖盘
605,10:35:45,20.82,0.02,1,2082,买盘
606,10:35:48,20.8,-0.02,5,10400,卖盘
607,10:35:58,20.8,0.0,4,8320,卖盘
608,10:36:07,20.8,0.0,4,8320,卖盘
609,10:36:13,20.79,-0.01,32,66558,卖盘
610,10:36:19,20.82,0.03,11,22892,买盘
611,10:36:28,20.82,0.0,4,8328,卖盘
612,10:36:31,20.82,0.0,3,6246,卖盘
613,10:36:34,20.82,0.0,20,41640,卖盘
614,10:36:37,20.82,0.0,10,20820,卖盘
615,10:36:46,20.8,-0.02,3,6240,买盘
616,10:36:49,20.79,-0.01,4,8316,卖盘
617,10:36:55,20.79,0.0,10,20790,卖盘
618,10:36:57,20.79,0.0,2,3742,卖盘
619,10:37:04,20.77,-0.02,66,137144,卖盘
620,10:37:07,20.78,0.01,5,10390,中性盘
621,10:37:10,20.78,0.0,50,103900,卖盘
622,10:37:19,20.78,0.0,4,8312,卖盘
623,10:37:25,20.79,0.01,2,4158,买盘
624,10:37:28,20.78,-0.01,4,8312,卖盘
625,10:37:37,20.78,0.0,5,10390,卖盘
626,10:37:45,20.78,0.0,1,2078,卖盘
627,10:37:48,20.78,0.0,4,8312,卖盘
628,10:37:52,20.78,0.0,3,6234,卖盘
629,10:37:58,20.78,0.0,5,10390,卖盘
630,10:38:01,20.78,0.0,2,4156,卖盘
631,10:38:07,20.78,0.0,4,8312,卖盘
632,10:38:19,20.78,0.0,4,8312,卖盘
633,10:38:28,20.78,0.0,6,12468,卖盘
634,10:38:31,20.78,0.0,2,4156,买盘
635,10:38:34,20.78,0.0,1,2078,买盘
636,10:38:37,20.77,-0.01,4,8308,卖盘
637,10:38:40,20.77,0.0,10,20770,卖盘
638,10:38:49,20.77,0.0,4,8308,卖盘
639,10:38:58,20.77,0.0,5,10385,卖盘
640,10:39:01,20.78,0.01,5,10390,买盘
641,10:39:04,20.79,0.01,1,2494,买盘
642,10:39:07,20.79,0.0,6,12474,卖盘
643,10:39:16,20.79,0.0,22,45738,卖盘
644,10:39:19,20.8,0.01,6,12476,买盘
645,10:39:28,20.8,0.0,5,10400,卖盘
646,10:39:36,20.8,0.0,4,8320,卖盘
647,10:39:42,20.8,0.0,1,2080,卖盘
648,10:39:49,20.8,0.0,5,10400,卖盘
649,10:39:57,20.8,0.0,4,8320,卖盘
650,10:40:04,20.8,0.0,5,10400,卖盘
651,10:40:06,20.8,0.0,11,22880,卖盘
652,10:40:09,20.8,0.0,1,2080,买盘
653,10:40:16,20.8,0.0,1,2080,买盘
654,10:40:19,20.79,-0.01,5,10395,卖盘
655,10:40:28,20.79,0.0,4,8316,卖盘
656,10:40:34,20.8,0.01,68,141440,买盘
657,10:40:40,20.8,0.0,4,8320,卖盘
658,10:40:49,20.8,0.0,5,10400,卖盘
659,10:40:58,20.82,0.02,24,49964,买盘
660,10:41:10,20.81,-0.01,4,8324,卖盘
661,10:41:16,20.81,0.0,2,4162,卖盘
662,10:41:28,20.8,-0.01,4,8320,卖盘
663,10:41:40,20.8,0.0,5,10400,卖盘
664,10:41:49,20.8,0.0,4,8320,卖盘
665,10:41:52,20.8,0.0,5,10400,卖盘
666,10:41:55,20.8,0.0,51,106080,卖盘
667,10:41:58,20.8,0.0,5,10400,卖盘
668,10:42:07,20.8,0.0,5,10400,卖盘
669,10:42:10,20.8,0.0,5,10400,卖盘
670,10:42:19,20.8,0.0,4,8320,卖盘
671,10:42:25,20.8,0.0,22,45760,卖盘
672,10:42:28,20.8,0.0,14,29120,卖盘
673,10:42:31,20.81,0.01,15,31215,买盘
674,10:42:40,20.82,0.01,9,18731,买盘
675,10:42:49,20.81,-0.01,1,2081,卖盘
676,10:42:58,20.8,-0.01,4,8320,卖盘
677,10:43:01,20.81,0.01,3,6243,买盘
678,10:43:10,20.81,0.0,1,2081,卖盘
679,10:43:13,20.81,0.0,1,2081,买盘
680,10:43:16,20.81,0.0,2,4162,买盘
681,10:43:19,20.8,-0.01,4,8320,卖盘
682,10:43:28,20.8,0.0,15,31200,卖盘
683,10:43:30,20.81,0.01,3,6243,买盘
684,10:43:39,20.8,-0.01,4,8320,卖盘
685,10:43:46,20.82,0.02,6,12492,买盘
686,10:43:49,20.8,-0.02,31,64480,卖盘
687,10:43:52,20.8,0.0,2,4160,买盘
688,10:43:55,20.8,0.0,2,4160,买盘
689,10:43:58,20.79,-0.01,5,10395,卖盘
690,10:44:04,20.8,0.01,13,27040,买盘
691,10:44:10,20.8,0.0,4,8320,卖盘
692,10:44:13,20.79,-0.01,33,68199,卖盘
693,10:44:16,20.79,0.0,20,41580,买盘
694,10:44:19,20.79,0.0,10,20790,买盘
695,10:44:28,20.78,-0.01,5,10390,卖盘
696,10:44:33,20.79,0.01,1,2495,买盘
697,10:44:40,20.79,0.0,4,8316,卖盘
698,10:44:43,20.8,0.01,4,8320,买盘
699,10:44:49,20.8,0.0,4,8320,卖盘
700,10:44:58,20.8,0.0,5,10400,卖盘
701,10:45:04,20.87,0.07,3,6254,买盘
702,10:45:10,20.79,-0.08,4,8316,卖盘
703,10:45:19,20.8,0.01,7,14572,中性盘
704,10:45:27,20.8,0.0,4,8320,卖盘
705,10:45:34,20.85,0.05,4,8340,买盘
706,10:45:40,20.85,0.0,39,81295,买盘
707,10:45:49,20.85,0.0,8,16683,卖盘
708,10:45:58,20.85,0.0,4,8340,卖盘
709,10:46:04,20.86,0.01,2,4172,买盘
710,10:46:09,20.86,0.0,4,8344,卖盘
711,10:46:13,20.86,0.0,1,2086,卖盘
712,10:46:19,20.86,0.0,8,16691,卖盘
713,10:46:28,20.86,0.0,1,2086,卖盘
714,10:46:33,20.86,0.0,3,6258,买盘
715,10:46:40,20.85,-0.01,5,10425,卖盘
716,10:46:48,20.85,0.0,3,6257,卖盘
717,10:46:57,20.81,-0.04,4,8324,卖盘
718,10:47:07,20.85,0.04,1,2085,买盘
719,10:47:10,20.81,-0.04,5,10405,卖盘
720,10:47:19,20.81,0.0,5,10411,卖盘
721,10:47:22,20.81,0.0,6,12486,卖盘
722,10:47:30,20.81,0.0,3,6243,卖盘
723,10:47:34,20.85,0.04,3,6251,买盘
724,10:47:40,20.8,-0.05,5,10410,卖盘
725,10:47:48,20.8,0.0,7,14563,卖盘
726,10:48:00,20.81,0.01,5,10401,买盘
727,10:48:04,20.81,0.0,2,4162,买盘
728,10:48:10,20.8,-0.01,5,10400,卖盘
729,10:48:19,20.8,0.0,5,10401,卖盘
730,10:48:25,20.8,0.0,10,20800,卖盘
731,10:48:31,20.8,0.0,1,2080,卖盘
732,10:48:34,20.8,0.0,4,8320,买盘
733,10:48:40,20.8,0.0,4,8320,卖盘
734,10:48:49,20.8,0.0,8,16644,卖盘
735,10:49:00,20.81,0.01,8,16643,买盘
736,10:49:10,20.8,-0.01,4,8320,卖盘
737,10:49:19,20.8,0.0,7,14563,卖盘
738,10:49:31,20.8,0.0,16,33291,卖盘
739,10:49:34,20.81,0.01,3,6243,买盘
740,10:49:40,20.8,-0.01,4,8320,卖盘
741,10:49:49,20.86,0.06,8,16688,买盘
742,10:50:01,20.82,-0.04,22,45794,卖盘
743,10:50:07,20.82,0.0,1,2082,买盘
744,10:50:10,20.81,-0.01,4,8324,卖盘
745,10:50:12,20.82,0.01,1,2082,买盘
746,10:50:18,20.82,0.0,6,12492,买盘
747,10:50:31,20.9,0.08,5,10418,买盘
748,10:50:34,20.9,0.0,3,6270,买盘
749,10:50:37,20.82,-0.08,4,8328,卖盘
750,10:50:49,20.81,-0.01,9,18733,卖盘
751,10:50:52,20.82,0.01,1,2082,买盘
752,10:51:01,20.85,0.03,4,8340,卖盘
753,10:51:04,20.9,0.05,2,4180,买盘
754,10:51:10,20.85,-0.05,4,8340,卖盘
755,10:51:19,20.85,0.0,8,16695,卖盘
756,10:51:31,20.85,0.0,5,10427,卖盘
757,10:51:34,20.9,0.05,4,8360,买盘
758,10:51:40,20.85,-0.05,4,8340,卖盘
759,10:51:49,20.86,0.01,8,16700,卖盘
760,10:52:00,20.86,0.0,4,8344,卖盘
761,10:52:04,20.9,0.04,4,8360,中性盘
762,10:52:10,20.86,-0.04,1,2086,卖盘
763,10:52:13,20.86,0.0,4,8344,买盘
764,10:52:18,20.88,0.02,4,8352,卖盘
765,10:52:31,20.88,0.0,4,8352,卖盘
766,10:52:33,20.9,0.02,3,6270,买盘
767,10:52:40,20.88,-0.02,2,4176,卖盘
768,10:52:49,20.87,-0.01,5,10436,卖盘
769,10:53:01,20.88,0.01,6,12524,买盘
770,10:53:10,20.88,0.0,5,10440,卖盘
771,10:53:18,20.88,0.0,6,12532,卖盘
772,10:53:30,20.88,0.0,2,4176,卖盘
773,10:53:34,20.9,0.02,3,6270,买盘
774,10:53:49,20.9,0.0,2,4180,买盘
775,10:54:04,20.89,-0.01,1,2089,买盘
776,10:55:07,20.89,0.0,10,20890,买盘
777,10:55:09,20.86,-0.03,4,8344,卖盘
778,10:55:19,20.89,0.03,3,6267,买盘
779,10:55:21,20.86,-0.03,5,10430,卖盘
780,10:55:24,20.86,0.0,2,4172,卖盘
781,10:55:31,20.86,0.0,2,4172,卖盘
782,10:55:34,20.9,0.04,4,8352,买盘
783,10:55:39,20.85,-0.05,4,8340,卖盘
784,10:55:42,20.85,0.0,15,31275,卖盘
785,10:55:49,20.9,0.05,3,6270,买盘
786,10:55:52,20.85,-0.05,5,10425,卖盘
787,10:56:01,20.85,0.0,4,8340,卖盘
788,10:56:04,20.9,0.05,7,14630,买盘
789,10:56:09,20.85,-0.05,3,6255,卖盘
790,10:56:19,20.85,0.0,2,4170,买盘
791,10:56:21,20.82,-0.03,4,8331,卖盘
792,10:56:31,20.82,0.0,2,4164,卖盘
793,10:56:34,20.82,0.0,2,4164,买盘
794,10:56:40,20.81,-0.01,5,10405,卖盘
795,10:56:49,20.88,0.07,4,8352,买盘
796,10:56:51,20.82,-0.06,4,8328,卖盘
797,10:56:55,20.82,0.0,7,14574,卖盘
798,10:57:01,20.82,0.0,4,8328,卖盘
799,10:57:04,20.87,0.05,2,4174,买盘
800,10:57:13,20.82,-0.05,5,10410,卖盘
801,10:57:21,20.82,0.0,4,8328,卖盘
802,10:57:30,20.81,-0.01,4,8324,卖盘
803,10:57:40,20.81,0.0,5,10405,卖盘
804,10:57:52,20.81,0.0,4,8324,卖盘
805,10:57:55,20.87,0.06,1,2087,买盘
806,10:57:57,20.81,-0.06,10,20822,卖盘
807,10:58:13,20.85,0.04,2,4170,卖盘
808,10:58:22,20.82,-0.03,4,8328,卖盘
809,10:58:31,20.82,0.0,5,10410,卖盘
810,10:58:40,20.82,0.0,4,8328,卖盘
811,10:58:52,20.82,0.0,4,8328,卖盘
812,10:59:01,20.82,0.0,5,10410,卖盘
813,10:59:04,20.85,0.03,1,2085,买盘
814,10:59:13,20.85,0.0,5,10413,买盘
815,10:59:21,20.85,0.0,1,2085,卖盘
816,10:59:31,20.82,-0.03,4,8328,卖盘
817,10:59:43,20.82,0.0,4,8328,卖盘
818,10:59:46,20.82,0.0,8,16656,卖盘
819,10:59:52,20.82,0.0,1,2082,卖盘
820,11:00:01,20.81,-0.01,4,8324,卖盘
821,11:00:13,20.81,0.0,2,4162,卖盘
822,11:00:21,20.8,-0.01,5,10400,卖盘
823,11:00:33,20.8,0.0,4,8320,卖盘
824,11:00:43,20.8,0.0,4,8320,卖盘
825,11:00:52,20.8,0.0,5,10400,卖盘
826,11:00:55,20.81,0.01,2,4162,买盘
827,11:01:04,20.81,0.0,4,8324,卖盘
828,11:01:13,20.81,0.0,5,10405,卖盘
829,11:01:22,20.81,0.0,4,8324,卖盘
830,11:01:33,20.81,0.0,4,8324,卖盘
831,11:01:40,20.82,0.01,4,8328,买盘
832,11:01:43,20.82,0.0,5,10410,卖盘
833,11:01:52,20.82,0.0,1,2082,卖盘
834,11:02:04,20.81,-0.01,4,8324,卖盘
835,11:02:13,20.81,0.0,5,10405,卖盘
836,11:02:21,20.81,0.0,4,8324,卖盘
837,11:02:31,20.82,0.01,3,6246,买盘
838,11:02:33,20.82,0.0,4,8328,卖盘
839,11:02:43,20.82,0.0,5,10410,卖盘
840,11:02:46,20.82,0.0,5,10410,卖盘
841,11:02:52,20.82,0.0,3,6246,卖盘
842,11:03:01,20.82,0.0,1,2082,买盘
843,11:03:04,20.88,0.06,34,70925,买盘
844,11:03:13,20.81,-0.07,4,8330,卖盘
845,11:03:21,20.81,0.0,4,8324,卖盘
846,11:03:33,20.81,0.0,5,10405,卖盘
847,11:03:43,20.81,0.0,4,8324,卖盘
848,11:03:52,20.81,0.0,4,8324,卖盘
849,11:03:58,20.81,0.0,10,20810,卖盘
850,11:04:10,20.81,0.0,1,2081,买盘
851,11:04:13,20.81,0.0,5,10401,买盘
852,11:04:21,20.8,-0.01,4,8320,卖盘
853,11:04:25,20.81,0.01,24,49944,买盘
854,11:04:33,20.81,0.0,5,10405,卖盘
855,11:04:43,20.81,0.0,4,8324,卖盘
856,11:04:52,20.81,0.0,5,10405,卖盘
857,11:05:04,20.81,0.0,4,8324,卖盘
858,11:05:12,20.81,0.0,4,8324,卖盘
859,11:05:18,20.81,0.0,48,99888,卖盘
860,11:05:28,20.81,0.0,31,64511,买盘
861,11:05:34,20.81,0.0,130,270526,买盘
862,11:05:43,20.81,0.0,4,8324,卖盘
863,11:05:52,20.81,0.0,5,10405,卖盘
864,11:06:04,20.81,0.0,4,8324,卖盘
865,11:06:13,20.81,0.0,4,8324,卖盘
866,11:06:21,20.81,0.0,5,10405,卖盘
867,11:06:31,20.81,0.0,6,12486,卖盘
868,11:06:34,20.81,0.0,4,8324,卖盘
869,11:06:43,20.81,0.0,5,10405,卖盘
870,11:06:46,20.81,0.0,8,16648,卖盘
871,11:06:54,20.81,0.0,4,8324,卖盘
872,11:07:03,20.81,0.0,4,8324,卖盘
873,11:07:06,20.82,0.01,2,4164,买盘
874,11:07:10,20.81,-0.01,22,45782,卖盘
875,11:07:25,20.8,-0.01,4,8320,卖盘
876,11:07:34,20.8,0.0,4,8320,卖盘
877,11:07:43,20.8,0.0,5,10400,卖盘
878,11:07:55,20.8,0.0,4,8320,卖盘
879,11:08:01,20.8,0.0,5,10400,卖盘
880,11:08:04,20.8,0.0,5,10400,卖盘
881,11:08:13,20.8,0.0,13,27040,卖盘
882,11:08:16,20.8,0.0,5,10400,卖盘
883,11:08:25,20.8,0.0,4,8320,卖盘
884,11:08:34,20.8,0.0,5,10400,卖盘
885,11:08:43,20.8,0.0,4,8320,卖盘
886,11:08:52,20.8,0.0,15,31200,卖盘
887,11:08:55,20.8,0.0,4,8320,卖盘
888,11:09:01,20.8,0.0,4,8320,卖盘
889,11:09:04,20.8,0.0,5,10400,卖盘
890,11:09:13,20.8,0.0,4,8320,卖盘
891,11:09:25,20.8,0.0,4,8320,卖盘
892,11:09:34,20.8,0.0,6,12480,卖盘
893,11:09:43,20.8,0.0,13,27041,卖盘
894,11:09:52,20.8,0.0,2,4160,买盘
895,11:09:55,20.79,-0.01,5,10395,卖盘
896,11:10:01,20.79,0.0,3,6237,卖盘
897,11:10:04,20.79,0.0,9,18711,卖盘
898,11:10:12,20.79,0.0,4,8316,卖盘
899,11:10:22,20.79,0.0,20,41580,卖盘
900,11:10:33,20.78,-0.01,4,8312,卖盘
901,11:10:37,20.78,0.0,62,128856,卖盘
902,11:10:42,20.77,-0.01,4,8308,卖盘
903,11:10:55,20.78,0.01,25,51945,买盘
904,11:11:04,20.78,0.0,4,8312,卖盘
905,11:11:10,20.78,0.0,2,4156,卖盘
906,11:11:13,20.78,0.0,4,8312,卖盘
907,11:11:24,20.78,0.0,5,10390,卖盘
908,11:11:34,20.78,0.0,4,8312,卖盘
909,11:11:37,20.78,0.0,3,6234,卖盘
910,11:11:40,20.79,0.01,26,54054,买盘
911,11:11:43,20.79,0.0,5,10395,卖盘
912,11:11:49,20.79,0.0,1,2079,卖盘
913,11:11:55,20.79,0.0,4,8316,卖盘
914,11:12:01,20.77,-0.02,132,274221,卖盘
915,11:12:04,20.79,0.02,1,2079,中性盘
916,11:12:12,20.78,-0.01,2,4156,卖盘
917,11:12:16,20.77,-0.01,18,37386,卖盘
918,11:12:25,20.77,0.0,4,8308,卖盘
919,11:12:34,20.77,0.0,4,8308,卖盘
920,11:12:40,20.78,0.01,3,6234,买盘
921,11:12:42,20.77,-0.01,5,10385,卖盘
922,11:12:55,20.77,0.0,4,8308,卖盘
923,11:13:04,20.77,0.0,4,8308,卖盘
924,11:13:10,20.77,0.0,5,10385,卖盘
925,11:13:16,20.77,0.0,4,8308,卖盘
926,11:13:25,20.76,-0.01,4,8304,卖盘
927,11:13:28,20.77,0.01,4,8308,买盘
928,11:13:34,20.76,-0.01,15,31150,卖盘
929,11:13:45,20.76,0.0,4,8304,卖盘
930,11:13:48,20.76,0.0,233,483708,卖盘
931,11:13:52,20.76,0.0,20,41520,买盘
932,11:14:00,20.75,-0.01,43,89225,卖盘
933,11:14:04,20.75,0.0,10,20750,买盘
934,11:14:16,20.74,-0.01,4,8296,卖盘
935,11:14:22,20.75,0.01,5,10375,买盘
936,11:14:25,20.75,0.0,4,8300,卖盘
937,11:14:34,20.72,-0.03,10,20728,卖盘
938,11:14:45,20.72,0.0,4,8288,卖盘
939,11:14:52,20.72,0.0,50,103600,卖盘
940,11:14:55,20.72,0.0,11,22792,卖盘
941,11:14:58,20.72,0.0,5,10360,买盘
942,11:15:04,20.71,-0.01,5,10355,卖盘
943,11:15:13,20.71,0.0,6,12426,卖盘
944,11:15:16,20.72,0.01,5,10356,买盘
945,11:15:19,20.69,-0.03,390,807424,卖盘
946,11:15:22,20.7,0.01,10,20700,买盘
947,11:15:25,20.7,0.0,20,41400,买盘
948,11:15:31,20.68,-0.02,2,4138,卖盘
949,11:15:34,20.68,0.0,4,8272,卖盘
950,11:15:40,20.68,0.0,24,49632,卖盘
951,11:15:46,20.71,0.03,17,35159,买盘
952,11:15:55,20.68,-0.03,11,22760,卖盘
953,11:15:58,20.71,0.03,4,8284,买盘
954,11:16:04,20.71,0.0,4,8284,卖盘
955,11:16:16,20.7,-0.01,17,35197,卖盘
956,11:16:19,20.7,0.0,6,12420,买盘
957,11:16:25,20.68,-0.02,5,10340,卖盘
958,11:16:27,20.72,0.04,7,14504,买盘
959,11:16:33,20.72,0.0,3,6216,卖盘
960,11:16:45,20.68,-0.04,5,10340,卖盘
961,11:16:55,20.7,0.02,4,8280,卖盘
962,11:17:04,20.7,0.0,6,12420,卖盘
963,11:17:16,20.69,-0.01,5,10345,卖盘
964,11:17:25,20.69,0.0,6,12416,卖盘
965,11:17:34,20.69,0.0,4,8276,卖盘
966,11:17:46,20.69,0.0,5,10345,卖盘
967,11:17:55,20.69,0.0,4,8276,卖盘
968,11:17:58,20.69,0.0,24,49656,卖盘
969,11:18:01,20.69,0.0,16,33104,买盘
970,11:18:04,20.69,0.0,4,8276,中性盘
971,11:18:07,20.7,0.01,3,6210,买盘
972,11:18:13,20.7,0.0,20,41400,买盘
973,11:18:16,20.7,0.0,5,10350,卖盘
974,11:18:25,20.7,0.0,4,8280,卖盘
975,11:18:34,20.7,0.0,5,10350,卖盘
976,11:18:43,20.7,0.0,5,10350,卖盘
977,11:18:46,20.7,0.0,4,8280,卖盘
978,11:18:51,20.72,0.02,6,12432,买盘
979,11:18:55,20.7,-0.02,4,8280,卖盘
980,11:19:06,20.7,0.0,5,10350,卖盘
981,11:19:16,20.7,0.0,4,8280,卖盘
982,11:19:18,20.75,0.05,32,66250,买盘
983,11:19:25,20.7,-0.05,4,8280,卖盘
984,11:19:37,20.71,0.01,5,10357,卖盘
985,11:19:46,20.75,0.04,5,10359,买盘
986,11:19:54,20.72,-0.03,4,8288,卖盘
987,11:20:07,20.72,0.0,5,10360,卖盘
988,11:20:15,20.72,0.0,4,8288,卖盘
989,11:20:25,20.72,0.0,5,10360,卖盘
990,11:20:37,20.73,0.01,4,8292,卖盘
991,11:20:46,20.73,0.0,4,8292,卖盘
992,11:20:55,20.73,0.0,1,2073,卖盘
993,11:21:04,20.73,0.0,1,2073,买盘
994,11:21:07,20.72,-0.01,4,8288,卖盘
995,11:21:15,20.73,0.01,7,14507,买盘
996,11:21:25,20.73,0.0,5,10365,卖盘
997,11:21:33,20.73,0.0,60,124380,卖盘
998,11:21:37,20.73,0.0,1,2073,卖盘
999,11:21:45,20.72,-0.01,4,8288,卖盘
1000,11:21:48,20.73,0.01,13,26949,买盘
1001,11:21:54,20.73,0.0,5,10365,卖盘
1002,11:22:07,20.73,0.0,4,8294,卖盘
1003,11:22:15,20.73,0.0,5,10366,卖盘
1004,11:22:25,20.73,0.0,4,8292,卖盘
1005,11:22:31,20.73,0.0,5,10367,卖盘
1006,11:22:43,20.74,0.01,3,6222,买盘
1007,11:22:46,20.74,0.0,6,12439,买盘
1008,11:22:55,20.74,0.0,4,8296,卖盘
1009,11:22:58,20.75,0.01,2,4150,买盘
1010,11:23:07,20.74,-0.01,4,8296,卖盘
1011,11:23:10,20.75,0.01,24,49800,买盘
1012,11:23:16,20.74,-0.01,11,22820,卖盘
1013,11:23:22,20.74,0.0,5,10370,买盘
1014,11:23:24,20.75,0.01,4,8300,卖盘
1015,11:23:27,20.75,0.0,3,6225,卖盘
1016,11:23:37,20.77,0.02,7,14531,买盘
1017,11:23:40,20.77,0.0,103,213931,买盘
1018,11:23:46,20.75,-0.02,5,10375,卖盘
1019,11:23:55,20.75,0.0,4,8301,卖盘
1020,11:24:07,20.75,0.0,1,2075,卖盘
1021,11:24:31,20.77,0.02,26,54002,买盘
1022,11:24:52,20.77,0.0,4,8308,买盘
1023,11:25:15,20.75,-0.02,4,8300,卖盘
1024,11:25:28,20.75,0.0,4,8300,卖盘
1025,11:25:37,20.75,0.0,5,10375,卖盘
1026,11:25:46,20.75,0.0,1,2075,卖盘
1027,11:25:55,20.74,-0.01,1,2074,卖盘
1028,11:25:58,20.74,0.0,4,8296,卖盘
1029,11:26:06,20.74,0.0,5,10370,卖盘
1030,11:26:15,20.74,0.0,7,14518,卖盘
1031,11:26:28,20.73,-0.01,5,10365,卖盘
1032,11:26:31,20.74,0.01,2,4148,买盘
1033,11:26:37,20.74,0.0,4,8296,卖盘
1034,11:26:45,20.74,0.0,4,8296,卖盘
1035,11:26:48,20.75,0.01,2,4150,买盘
1036,11:26:57,20.74,-0.01,5,10370,卖盘
1037,11:27:01,20.75,0.01,9,18675,买盘
1038,11:27:06,20.75,0.0,4,8300,卖盘
1039,11:27:16,20.75,0.0,4,8300,卖盘
1040,11:27:19,20.76,0.01,40,83001,买盘
1041,11:27:28,20.75,-0.01,5,10375,卖盘
1042,11:27:34,20.75,0.0,37,76787,卖盘
1043,11:27:36,20.75,0.0,4,8300,卖盘
1044,11:27:46,20.75,0.0,4,8300,卖盘
1045,11:27:57,20.75,0.0,5,10375,卖盘
1046,11:28:04,20.75,0.0,2,4150,卖盘
1047,11:28:12,20.75,0.0,6,12450,买盘
1048,11:28:16,20.73,-0.02,5,10365,卖盘
1049,11:28:27,20.73,0.0,4,8292,卖盘
1050,11:28:30,20.73,0.0,2,4146,卖盘
1051,11:28:37,20.72,-0.01,4,8288,卖盘
1052,11:28:49,20.72,0.0,5,10360,卖盘
1053,11:28:58,20.72,0.0,4,8288,卖盘
1054,11:29:07,20.72,0.0,4,8288,卖盘
1055,11:29:16,20.72,0.0,46,95312,卖盘
1056,11:29:27,20.71,-0.01,4,8284,卖盘
1057,11:29:37,20.72,0.01,4,8288,卖盘
1058,11:29:48,20.72,0.0,5,10360,卖盘
1059,11:29:57,20.71,-0.01,4,8284,卖盘
1060,11:30:04,20.71,0.0,55,113908,卖盘
1061,13:00:04,20.71,0.0,13,26983,卖盘
1062,13:00:07,20.77,0.06,45,93283,买盘
1063,13:00:09,20.77,0.0,5,10385,卖盘
1064,13:00:15,20.77,0.0,4,8308,卖盘
1065,13:00:28,20.71,-0.06,4,8284,卖盘
1066,13:00:34,20.71,0.0,36,74556,卖盘
1067,13:00:48,20.71,0.0,9,18635,买盘
1068,13:00:58,20.7,-0.01,4,8280,卖盘
1069,13:01:06,20.7,0.0,5,10350,卖盘
1070,13:01:10,20.71,0.01,2,4142,买盘
1071,13:01:19,20.7,-0.01,4,8280,卖盘
1072,13:01:28,20.7,0.0,4,8280,卖盘
1073,13:01:36,20.7,0.0,5,10350,卖盘
1074,13:01:49,20.7,0.0,4,8280,卖盘
1075,13:01:57,20.7,0.0,5,10350,卖盘
1076,13:02:07,20.7,0.0,4,8280,卖盘
1077,13:02:19,20.7,0.0,4,8280,卖盘
1078,13:02:21,20.7,0.0,2,4140,卖盘
1079,13:02:28,20.7,0.0,5,10350,卖盘
1080,13:02:36,20.7,0.0,4,8280,卖盘
1081,13:02:43,20.71,0.01,2,4142,买盘
1082,13:02:46,20.71,0.0,6,12426,卖盘
1083,13:02:49,20.71,0.0,4,8284,卖盘
1084,13:02:58,20.7,-0.01,5,10350,卖盘
1085,13:03:04,20.7,0.0,1,2070,卖盘
1086,13:03:07,20.7,0.0,4,8280,卖盘
1087,13:03:19,20.71,0.01,2,4142,卖盘
1088,13:03:28,20.7,-0.01,5,10350,卖盘
1089,13:03:37,20.7,0.0,4,8280,卖盘
1090,13:03:49,20.7,0.0,5,10350,卖盘
1091,13:03:58,20.7,0.0,5,10351,卖盘
1092,13:04:04,20.71,0.01,1,2071,买盘
1093,13:04:07,20.7,-0.01,4,8280,卖盘
1094,13:04:16,20.66,-0.04,355,734315,卖盘
1095,13:04:28,20.66,0.0,4,8264,卖盘
1096,13:04:37,20.66,0.0,24,49584,卖盘
1097,13:04:42,20.66,0.0,46,95036,卖盘
1098,13:04:49,20.66,0.0,5,10330,卖盘
1099,13:04:52,20.66,0.0,20,41320,卖盘
1100,13:04:58,20.66,0.0,4,8264,卖盘
1101,13:05:07,20.66,0.0,23,47518,卖盘
1102,13:05:19,20.66,0.0,15,30990,卖盘
1103,13:05:22,20.66,0.0,12,24792,卖盘
1104,13:05:25,20.67,0.01,5,10335,中性盘
1105,13:05:27,20.66,-0.01,4,8264,卖盘
1106,13:05:31,20.65,-0.01,11,22724,卖盘
1107,13:05:34,20.68,0.03,11,22730,中性盘
1108,13:05:37,20.66,-0.02,10,20660,中性盘
1109,13:05:40,20.65,-0.01,11,22717,卖盘
1110,13:05:43,20.66,0.01,7,14460,买盘
1111,13:05:46,20.65,-0.01,4,8260,卖盘
1112,13:05:49,20.65,0.0,6,12390,卖盘
1113,13:05:54,20.65,0.0,1,2065,卖盘
1114,13:05:58,20.65,0.0,7,14455,卖盘
1115,13:06:04,20.64,-0.01,3,6192,卖盘
1116,13:06:07,20.64,0.0,10,20640,卖盘
1117,13:06:10,20.64,0.0,3,6192,卖盘
1118,13:06:16,20.64,0.0,1,2064,卖盘
1119,13:06:18,20.64,0.0,4,8256,卖盘
1120,13:06:22,20.64,0.0,1,2064,卖盘
1121,13:06:28,20.64,0.0,8,16512,买盘
1122,13:06:34,20.66,0.02,10,20656,买盘
1123,13:06:37,20.64,-0.02,2,4128,卖盘
1124,13:06:40,20.64,0.0,5,10320,卖盘
1125,13:06:43,20.66,0.02,1,2066,买盘
1126,13:06:48,20.64,-0.02,4,8256,卖盘
1127,13:06:58,20.64,0.0,16,33048,卖盘
1128,13:07:10,20.64,0.0,4,8256,卖盘
1129,13:07:16,20.66,0.02,5,10330,买盘
1130,13:07:19,20.66,0.0,4,8264,中性盘
1131,13:07:22,20.69,0.03,1,2069,买盘
1132,13:07:31,20.66,-0.03,5,10330,卖盘
1133,13:07:40,20.66,0.0,3,6198,卖盘
1134,13:07:46,20.66,0.0,1,2066,买盘
1135,13:07:48,20.66,0.0,5,10333,卖盘
1136,13:08:01,20.66,0.0,5,10330,卖盘
1137,13:08:10,20.68,0.02,5,10335,买盘
1138,13:08:15,20.68,0.0,1,2068,买盘
1139,13:08:19,20.66,-0.02,4,8264,卖盘
1140,13:08:28,20.66,0.0,5,10330,卖盘
1141,13:08:31,20.68,0.02,10,20680,买盘
1142,13:08:40,20.68,0.0,16,33060,卖盘
1143,13:08:43,20.68,0.0,3,6204,买盘
1144,13:08:49,20.68,0.0,5,10340,卖盘
1145,13:08:58,20.65,-0.03,53,109475,卖盘
1146,13:09:04,20.64,-0.01,11,22704,卖盘
1147,13:09:09,20.64,0.0,4,8256,卖盘
1148,13:09:19,20.64,0.0,5,10320,卖盘
1149,13:09:31,20.64,0.0,4,8256,卖盘
1150,13:09:37,20.65,0.01,2,4130,买盘
1151,13:09:40,20.64,-0.01,4,8256,卖盘
1152,13:09:49,20.64,0.0,5,10320,卖盘
1153,13:09:51,20.65,0.01,33,68145,买盘
1154,13:10:01,20.64,-0.01,4,8256,卖盘
1155,13:10:10,20.64,0.0,21,43344,卖盘
1156,13:10:13,20.64,0.0,12,24768,卖盘
1157,13:10:16,20.64,0.0,12,24768,卖盘
1158,13:10:19,20.64,0.0,15,30961,卖盘
1159,13:10:22,20.64,0.0,6,12384,卖盘
1160,13:10:25,20.64,0.0,5,10320,卖盘
1161,13:10:27,20.64,0.0,8,16512,卖盘
1162,13:10:31,20.63,-0.01,25,51582,卖盘
1163,13:10:34,20.63,0.0,10,20630,卖盘
1164,13:10:37,20.64,0.01,22,45408,买盘
1165,13:10:40,20.63,-0.01,32,66016,卖盘
1166,13:10:46,20.63,0.0,28,57764,卖盘
1167,13:10:49,20.63,0.0,44,90772,卖盘
1168,13:10:55,20.64,0.01,1,2064,买盘
1169,13:10:58,20.63,-0.01,2,4126,卖盘
1170,13:11:01,20.63,0.0,6,12378,卖盘
1171,13:11:10,20.63,0.0,6,12379,卖盘
1172,13:11:16,20.63,0.0,10,20630,卖盘
1173,13:11:19,20.63,0.0,4,8252,卖盘
1174,13:11:27,20.63,0.0,6,12380,卖盘
1175,13:11:37,20.64,0.01,60,123840,买盘
1176,13:11:40,20.64,0.0,5,10320,卖盘
1177,13:11:43,20.65,0.01,1,2065,买盘
1178,13:11:46,20.64,-0.01,1,2064,卖盘
1179,13:11:49,20.64,0.0,4,8256,卖盘
1180,13:11:54,20.65,0.01,22,45430,买盘
1181,13:12:01,20.64,-0.01,4,8256,卖盘
1182,13:12:10,20.65,0.01,5,10326,卖盘
1183,13:12:19,20.64,-0.01,5,10321,卖盘
1184,13:12:31,20.65,0.01,5,10325,卖盘
1185,13:12:34,20.68,0.03,10,20680,买盘
1186,13:12:37,20.68,0.0,2,4136,买盘
1187,13:12:40,20.65,-0.03,10,20655,卖盘
1188,13:12:52,20.65,0.0,4,8260,卖盘
1189,13:12:58,20.65,0.0,20,41300,卖盘
1190,13:13:01,20.65,0.0,15,30975,卖盘
1191,13:13:09,20.65,0.0,19,39235,卖盘
1192,13:13:19,20.65,0.0,1,2065,买盘
1193,13:13:22,20.64,-0.01,4,8256,卖盘
1194,13:13:25,20.65,0.01,9,18585,买盘
1195,13:13:31,20.64,-0.01,10,20645,卖盘
1196,13:13:40,20.64,0.0,4,8256,卖盘
1197,13:13:45,20.65,0.01,1,2065,买盘
1198,13:13:52,20.64,-0.01,5,10320,卖盘
1199,13:14:01,20.64,0.0,4,8256,卖盘
1200,13:14:10,20.64,0.0,4,8256,卖盘
1201,13:14:15,20.65,0.01,2,4130,买盘
1202,13:14:22,20.64,-0.01,69,142421,卖盘
1203,13:14:30,20.63,-0.01,4,8252,卖盘
1204,13:14:37,20.64,0.01,7,14448,买盘
1205,13:14:40,20.63,-0.01,4,8252,卖盘
1206,13:14:43,20.63,0.0,4,8252,卖盘
1207,13:14:51,20.63,0.0,5,10315,卖盘
1208,13:14:55,20.64,0.01,2,4128,买盘
1209,13:14:57,20.63,-0.01,2,4126,卖盘
1210,13:15:01,20.63,0.0,4,8252,卖盘
1211,13:15:04,20.63,0.0,20,41260,卖盘
1212,13:15:07,20.64,0.01,27,55728,买盘
1213,13:15:10,20.64,0.0,4,8256,卖盘
1214,13:15:22,20.64,0.0,5,10320,卖盘
1215,13:15:25,20.64,0.0,1,2064,卖盘
1216,13:15:31,20.64,0.0,4,8256,卖盘
1217,13:15:40,20.64,0.0,5,10320,卖盘
1218,13:15:51,20.65,0.01,4,8260,卖盘
1219,13:16:01,20.65,0.0,4,8260,卖盘
1220,13:16:10,20.65,0.0,5,10325,卖盘
1221,13:16:19,20.68,0.03,4,8269,买盘
1222,13:16:21,20.65,-0.03,4,8260,卖盘
1223,13:16:30,20.65,0.0,4,8260,卖盘
1224,13:16:34,20.65,0.0,6,12390,卖盘
1225,13:16:40,20.64,-0.01,6,12385,卖盘
1226,13:16:43,20.68,0.04,200,413585,买盘
1227,13:16:52,20.64,-0.04,4,8256,卖盘
1228,13:17:01,20.64,0.0,4,8257,卖盘
1229,13:17:10,20.65,0.01,5,10325,卖盘
1230,13:17:19,20.65,0.0,1,2065,买盘
1231,13:17:22,20.65,0.0,53,109441,买盘
1232,13:17:31,20.65,0.0,5,10325,卖盘
1233,13:17:37,20.64,-0.01,99,204386,卖盘
1234,13:17:46,20.64,0.0,157,324049,卖盘
1235,13:17:55,20.64,0.0,1,2064,买盘
1236,13:17:58,20.64,0.0,5,10320,买盘
1237,13:18:01,20.63,-0.01,5,10315,卖盘
1238,13:18:10,20.63,0.0,29,59827,卖盘
1239,13:18:13,20.64,0.01,10,20640,买盘
1240,13:18:22,20.63,-0.01,4,8252,卖盘
1241,13:18:28,20.64,0.01,5,10320,买盘
1242,13:18:31,20.63,-0.01,7,14441,卖盘
1243,13:18:34,20.63,0.0,20,41260,卖盘
1244,13:18:39,20.63,0.0,4,8252,卖盘
1245,13:18:43,20.64,0.01,2,4128,买盘
1246,13:18:46,20.64,0.0,5,10320,买盘
1247,13:18:52,20.63,-0.01,4,8252,卖盘
1248,13:18:58,20.63,0.0,10,20630,卖盘
1249,13:19:01,20.63,0.0,5,10315,卖盘
1250,13:19:10,20.63,0.0,4,8252,卖盘
1251,13:19:16,20.64,0.01,2,4128,买盘
1252,13:19:22,20.63,-0.01,5,10315,卖盘
1253,13:19:24,20.63,0.0,29,59827,卖盘
1254,13:19:31,20.63,0.0,4,8252,卖盘
1255,13:19:43,20.64,0.01,14,28892,买盘
1256,13:19:52,20.63,-0.01,5,10315,卖盘
1257,13:19:57,20.63,0.0,13,26822,卖盘
1258,13:20:01,20.63,0.0,4,8252,卖盘
1259,13:20:04,20.64,0.01,10,20638,买盘
1260,13:20:07,20.64,0.0,1,2064,买盘
1261,13:20:09,20.64,0.0,28,57792,买盘
1262,13:20:13,20.64,0.0,4,8256,卖盘
1263,13:20:22,20.64,0.0,22,45408,卖盘
1264,13:20:31,20.63,-0.01,5,10316,卖盘
1265,13:20:36,20.63,0.0,20,41260,卖盘
1266,13:20:40,20.64,0.01,1,2064,买盘
1267,13:20:43,20.64,0.0,7,14444,买盘
1268,13:20:52,20.64,0.0,5,10320,卖盘
1269,13:21:00,20.64,0.0,4,8256,卖盘
1270,13:21:04,20.64,0.0,5,10320,卖盘
1271,13:21:13,20.64,0.0,5,10320,卖盘
1272,13:21:21,20.64,0.0,4,8256,卖盘
1273,13:21:30,20.64,0.0,4,8256,卖盘
1274,13:21:43,20.64,0.0,16,33025,卖盘
1275,13:21:46,20.64,0.0,20,41280,卖盘
1276,13:21:52,20.64,0.0,4,8256,卖盘
1277,13:21:55,20.65,0.01,24,49555,买盘
1278,13:22:01,20.64,-0.01,4,8256,卖盘
1279,13:22:04,20.65,0.01,1,2065,买盘
1280,13:22:07,20.64,-0.01,19,39221,卖盘
1281,13:22:12,20.64,0.0,5,10320,卖盘
1282,13:22:16,20.65,0.01,2,4130,买盘
1283,13:22:22,20.64,-0.01,4,8256,卖盘
1284,13:22:31,20.64,0.0,5,10320,卖盘
1285,13:22:34,20.65,0.01,1,2065,买盘
1286,13:22:43,20.65,0.0,14,28906,买盘
1287,13:22:52,20.64,-0.01,4,8256,卖盘
1288,13:22:55,20.64,0.0,20,41280,卖盘
1289,13:22:58,20.65,0.01,10,20650,买盘
1290,13:23:01,20.64,-0.01,5,10320,卖盘
1291,13:23:13,20.64,0.0,1,2064,卖盘
1292,13:23:16,20.64,0.0,3,6192,买盘
1293,13:23:21,20.64,0.0,4,8256,卖盘
1294,13:23:28,20.64,0.0,5,10320,卖盘
1295,13:24:28,20.63,-0.01,33,68102,卖盘
1296,13:24:31,20.64,0.01,1,2064,买盘
1297,13:24:43,20.64,0.0,12,24768,卖盘
1298,13:24:55,20.64,0.0,10,20640,买盘
1299,13:25:00,20.64,0.0,12,24768,买盘
1300,13:25:09,20.64,0.0,17,35088,卖盘
1301,13:25:13,20.64,0.0,5,10320,卖盘
1302,13:25:16,20.65,0.01,10,20641,买盘
1303,13:25:22,20.63,-0.02,4,8252,卖盘
1304,13:25:30,20.63,0.0,5,10316,卖盘
1305,13:25:43,20.63,0.0,4,8252,卖盘
1306,13:25:51,20.63,0.0,4,8252,卖盘
1307,13:26:04,20.63,0.0,5,10316,卖盘
1308,13:26:10,20.63,0.0,71,146473,卖盘
1309,13:26:13,20.63,0.0,4,8252,卖盘
1310,13:26:16,20.64,0.01,8,16512,买盘
1311,13:26:19,20.65,0.01,5,10323,买盘
1312,13:26:22,20.63,-0.02,5,10315,卖盘
1313,13:26:34,20.64,0.01,4,8256,卖盘
1314,13:26:43,20.64,0.0,4,8256,卖盘
1315,13:26:52,20.64,0.0,5,10320,卖盘
1316,13:26:55,20.65,0.01,10,20650,买盘
1317,13:27:04,20.64,-0.01,4,8256,卖盘
1318,13:27:13,20.64,0.0,4,8256,卖盘
1319,13:27:22,20.64,0.0,13,26836,卖盘
1320,13:27:34,20.64,0.0,5,10320,卖盘
1321,13:27:37,20.65,0.01,9,18585,买盘
1322,13:27:43,20.64,-0.01,4,8256,卖盘
1323,13:27:52,20.64,0.0,15,30970,卖盘
1324,13:28:04,20.64,0.0,24,49536,卖盘
1325,13:28:10,20.65,0.01,1,2065,买盘
1326,13:28:12,20.64,-0.01,5,10320,卖盘
1327,13:28:22,20.64,0.0,4,8256,卖盘
1328,13:28:25,20.65,0.01,1,2065,买盘
1329,13:28:31,20.64,-0.01,13,26832,卖盘
1330,13:28:33,20.64,0.0,4,8256,卖盘
1331,13:28:43,20.64,0.0,5,10320,卖盘
1332,13:28:49,20.64,0.0,2,4128,卖盘
1333,13:28:52,20.64,0.0,10,20640,中性盘
1334,13:29:01,20.64,0.0,15,30960,买盘
1335,13:29:04,20.64,0.0,13,26832,买盘
1336,13:29:12,20.64,0.0,8,16512,卖盘
1337,13:29:18,20.64,0.0,1,2064,中性盘
1338,13:29:21,20.63,-0.01,4,8252,卖盘
1339,13:29:28,20.64,0.01,4,8256,买盘
1340,13:29:33,20.64,0.0,5,10320,卖盘
1341,13:29:43,20.64,0.0,4,8256,卖盘
1342,13:29:46,20.64,0.0,2,4128,卖盘
1343,13:29:51,20.63,-0.01,4,8252,卖盘
1344,13:30:04,20.63,0.0,5,10315,卖盘
1345,13:30:10,20.63,0.0,10,20630,卖盘
1346,13:30:13,20.63,0.0,4,8252,卖盘
1347,13:30:21,20.63,0.0,4,8252,卖盘
1348,13:30:31,20.64,0.01,1,2064,买盘
1349,13:30:34,20.64,0.0,6,12379,买盘
1350,13:30:43,20.63,-0.01,25,51575,卖盘
1351,13:30:45,20.63,0.0,20,41260,卖盘
1352,13:30:52,20.63,0.0,4,8252,卖盘
1353,13:31:01,20.63,0.0,6,12378,卖盘
1354,13:31:04,20.63,0.0,5,10315,卖盘
1355,13:31:13,20.63,0.0,4,8252,卖盘
1356,13:31:21,20.63,0.0,5,10315,卖盘
1357,13:31:28,20.63,0.0,9,18567,卖盘
1358,13:31:34,20.63,0.0,4,8252,卖盘
1359,13:31:43,20.63,0.0,4,8252,卖盘
1360,13:31:46,20.64,0.01,20,41280,买盘
1361,13:31:54,20.63,-0.01,4,8252,卖盘
1362,13:32:04,20.62,-0.01,4,8248,卖盘
1363,13:32:13,20.62,0.0,4,8248,卖盘
1364,13:32:15,20.63,0.01,1,2063,买盘
1365,13:32:18,20.63,0.0,15,30945,卖盘
1366,13:32:34,20.62,-0.01,4,8248,卖盘
1367,13:32:37,20.63,0.01,112,230956,买盘
1368,13:32:43,20.63,0.0,8,16504,卖盘
1369,13:32:52,20.63,0.0,5,10315,买盘
1370,13:32:55,20.62,-0.01,5,10310,卖盘
1371,13:33:01,20.62,0.0,20,41240,卖盘
1372,13:33:04,20.62,0.0,4,8248,卖盘
1373,13:33:12,20.62,0.0,5,10310,卖盘
1374,13:33:21,20.62,0.0,24,49488,卖盘
1375,13:33:25,20.62,0.0,4,8248,卖盘
1376,13:33:31,20.62,0.0,3,6187,卖盘
1377,13:33:34,20.62,0.0,4,8248,卖盘
1378,13:33:43,20.62,0.0,5,10310,卖盘
1379,13:33:46,20.63,0.01,11,22683,买盘
1380,13:33:55,20.62,-0.01,34,70108,卖盘
1381,13:34:04,20.62,0.0,4,8248,卖盘
1382,13:34:13,20.62,0.0,5,10310,卖盘
1383,13:34:19,20.62,0.0,12,24744,卖盘
1384,13:34:25,20.62,0.0,4,8248,卖盘
1385,13:34:28,20.62,0.0,20,41240,卖盘
1386,13:34:34,20.62,0.0,19,39178,卖盘
1387,13:34:37,20.63,0.01,1,2063,买盘
1388,13:34:42,20.62,-0.01,5,10310,卖盘
1389,13:34:55,20.62,0.0,48,99000,卖盘
1390,13:35:04,20.62,0.0,5,10310,卖盘
1391,13:35:12,20.62,0.0,4,8248,卖盘
1392,13:35:25,20.62,0.0,4,8248,卖盘
1393,13:35:34,20.62,0.0,5,10310,卖盘
1394,13:35:43,20.62,0.0,4,8248,卖盘
1395,13:35:45,20.63,0.01,28,57764,买盘
1396,13:35:55,20.63,0.0,13,26815,买盘
1397,13:35:58,20.62,-0.01,23,47438,卖盘
1398,13:36:04,20.63,0.01,5,10315,中性盘
1399,13:36:13,20.63,0.0,4,8252,卖盘
1400,13:36:24,20.63,0.0,3,6189,卖盘
1401,13:36:34,20.62,-0.01,5,10310,卖盘
1402,13:36:43,20.63,0.01,5,10315,买盘
1403,13:36:54,20.63,0.0,5,10315,卖盘
1404,13:37:04,20.63,0.0,20,41265,卖盘
1405,13:37:07,20.64,0.01,13,26828,买盘
1406,13:37:13,20.63,-0.01,4,8252,中性盘
1407,13:37:16,20.63,0.0,4,8252,卖盘
1408,13:37:19,20.62,-0.01,20,41240,卖盘
1409,13:37:22,20.63,0.01,2,4126,买盘
1410,13:37:25,20.62,-0.01,5,10310,卖盘
1411,13:37:31,20.62,0.0,55,113415,卖盘
1412,13:37:34,20.63,0.01,10,20626,买盘
1413,13:37:42,20.63,0.0,4,8252,卖盘
1414,13:37:55,20.63,0.0,5,10315,卖盘
1415,13:38:04,20.63,0.0,4,8252,卖盘
1416,13:38:16,20.63,0.0,5,10315,卖盘
1417,13:38:18,20.64,0.01,1,2064,买盘
1418,13:38:25,20.63,-0.01,6,12380,卖盘
1419,13:38:30,20.64,0.01,1,2064,买盘
1420,13:38:34,20.63,-0.01,4,8252,卖盘
1421,13:38:46,20.63,0.0,5,10315,卖盘
1422,13:38:54,20.63,0.0,1,2063,卖盘
1423,13:38:57,20.62,-0.01,19,39178,卖盘
1424,13:39:04,20.62,0.0,4,8248,卖盘
1425,13:39:07,20.62,0.0,3,6186,卖盘
1426,13:39:16,20.61,-0.01,5,10305,卖盘
1427,13:39:25,20.61,0.0,4,8244,卖盘
1428,13:39:33,20.61,0.0,4,8244,卖盘
1429,13:39:43,20.61,0.0,43,88623,卖盘
1430,13:39:46,20.61,0.0,5,10305,卖盘
1431,13:39:55,20.61,0.0,24,49464,卖盘
1432,13:39:57,20.62,0.01,7,14434,买盘
1433,13:40:04,20.61,-0.01,5,10305,卖盘
1434,13:40:16,20.61,0.0,4,8244,卖盘
1435,13:40:24,20.61,0.0,4,8244,卖盘
1436,13:40:34,20.61,0.0,5,10305,卖盘
1437,13:40:40,20.61,0.0,2,4122,中性盘
1438,13:40:43,20.62,0.01,5,10310,买盘
1439,13:40:46,20.61,-0.01,4,8244,卖盘
1440,13:40:52,20.62,0.01,2,4124,买盘
1441,13:40:55,20.6,-0.02,15,30911,卖盘
1442,13:41:01,20.61,0.01,1,2061,买盘
1443,13:41:04,20.6,-0.01,5,10300,卖盘
1444,13:41:10,20.61,0.01,22,45321,买盘
1445,13:41:16,20.61,0.0,6,12362,买盘
1446,13:41:24,20.61,0.0,4,8244,卖盘
1447,13:41:31,20.61,0.0,18,37100,卖盘
1448,13:41:40,20.61,0.0,8,16488,买盘
1449,13:41:46,20.6,-0.01,13,26780,卖盘
1450,13:41:52,20.61,0.01,5,10305,买盘
1451,13:41:54,20.6,-0.01,5,10300,卖盘
1452,13:42:04,20.6,0.0,4,8240,卖盘
1453,13:42:07,20.61,0.01,8,16488,买盘
1454,13:42:10,20.6,-0.01,21,43261,卖盘
1455,13:42:16,20.6,0.0,461,949660,卖盘
1456,13:42:19,20.61,0.01,11,22665,买盘
1457,13:42:25,20.58,-0.03,5,10290,卖盘
1458,13:42:34,20.61,0.03,4,8244,卖盘
1459,13:42:37,20.61,0.0,6,12366,卖盘
1460,13:42:43,20.61,0.0,4,8244,买盘
1461,13:42:46,20.62,0.01,30,61830,买盘
1462,13:42:54,20.6,-0.02,3,6180,卖盘
1463,13:43:04,20.59,-0.01,4,8236,卖盘
1464,13:43:07,20.6,0.01,25,51458,买盘
1465,13:43:16,20.61,0.01,4,8244,卖盘
1466,13:43:25,20.61,0.0,2,4122,卖盘
1467,13:43:30,20.62,0.01,5,10307,买盘
1468,13:43:33,20.61,-0.01,4,8244,卖盘
1469,13:43:46,20.61,0.0,5,10305,卖盘
1470,13:43:55,20.61,0.0,4,8244,卖盘
1471,13:44:04,20.61,0.0,4,8244,卖盘
1472,13:44:16,20.62,0.01,5,10310,卖盘
1473,13:44:25,20.62,0.0,4,8248,卖盘
1474,13:44:34,20.62,0.0,7,14434,卖盘
1475,13:44:46,20.63,0.01,6,12373,买盘
1476,13:44:52,20.62,-0.01,10,20620,卖盘
1477,13:44:58,20.63,0.01,20,41254,买盘
1478,13:45:07,20.63,0.0,4,8252,卖盘
1479,13:45:16,20.63,0.0,5,10315,卖盘
1480,13:45:25,20.63,0.0,42,86684,卖盘
1481,13:45:37,20.63,0.0,5,10315,卖盘
1482,13:45:43,20.64,0.01,1,2064,买盘
1483,13:45:46,20.63,-0.01,4,8252,卖盘
1484,13:45:55,20.63,0.0,4,8252,卖盘
1485,13:46:06,20.63,0.0,5,10315,卖盘
1486,13:46:16,20.64,0.01,7,14444,买盘
1487,13:46:28,20.64,0.0,4,8256,卖盘
1488,13:46:37,20.64,0.0,5,10320,卖盘
1489,13:46:45,20.64,0.0,4,8256,卖盘
1490,13:46:55,20.64,0.0,5,10320,卖盘
1491,13:46:58,20.65,0.01,2,4130,买盘
1492,13:47:06,20.64,-0.01,4,8256,卖盘
1493,13:47:13,20.67,0.03,30,62010,买盘
1494,13:47:16,20.64,-0.03,4,8256,卖盘
1495,13:47:19,20.67,0.03,10,20670,买盘
1496,13:47:24,20.64,-0.03,5,10320,卖盘
1497,13:47:37,20.64,0.0,4,8256,卖盘
1498,13:47:42,20.66,0.02,2,4132,买盘
1499,13:47:46,20.66,0.0,4,8264,卖盘
1500,13:47:55,20.66,0.0,32,66122,卖盘
1501,13:48:06,20.65,-0.01,7,14455,卖盘
1502,13:48:10,20.65,0.0,55,113575,买盘
1503,13:48:13,20.65,0.0,1,2065,买盘
1504,13:48:16,20.65,0.0,18,37166,买盘
1505,13:48:19,20.64,-0.01,69,142416,卖盘
1506,13:48:22,20.65,0.01,1,2065,买盘
1507,13:48:24,20.64,-0.01,5,10320,卖盘
1508,13:48:37,20.64,0.0,4,8256,卖盘
1509,13:48:46,20.64,0.0,5,10320,卖盘
1510,13:48:55,20.64,0.0,7,14448,卖盘
1511,13:49:00,20.64,0.0,19,39216,卖盘
1512,13:49:07,20.64,0.0,3,6192,买盘
1513,13:49:10,20.64,0.0,1,2064,买盘
1514,13:49:16,20.63,-0.01,5,10315,卖盘
1515,13:49:21,20.64,0.01,7,14448,买盘
1516,13:49:25,20.63,-0.01,4,8252,卖盘
1517,13:49:37,20.63,0.0,4,8252,卖盘
1518,13:49:46,20.63,0.0,5,10315,卖盘
1519,13:49:54,20.63,0.0,4,8252,卖盘
1520,13:50:06,20.63,0.0,4,8252,卖盘
1521,13:50:16,20.64,0.01,6,12384,买盘
1522,13:50:25,20.64,0.0,8,16512,卖盘
1523,13:50:37,20.64,0.0,8,16512,买盘
1524,13:50:46,20.64,0.0,4,8256,卖盘
1525,13:50:49,20.64,0.0,6,12384,卖盘
1526,13:50:52,20.64,0.0,1,2064,买盘
1527,13:50:58,20.63,-0.01,4,8252,卖盘
1528,13:51:07,20.64,0.01,21,43339,买盘
1529,13:51:16,20.64,0.0,4,8256,卖盘
1530,13:51:28,20.64,0.0,4,8256,卖盘
1531,13:51:37,20.64,0.0,16,33025,卖盘
1532,13:51:46,20.64,0.0,4,8256,卖盘
1533,13:51:48,20.65,0.01,1,2065,买盘
1534,13:51:51,20.64,-0.01,1,2064,卖盘
1535,13:51:57,20.64,0.0,5,10321,卖盘
1536,13:52:04,20.65,0.01,13,26845,买盘
1537,13:52:07,20.65,0.0,5,10325,卖盘
1538,13:52:16,20.65,0.0,4,8260,卖盘
1539,13:52:19,20.66,0.01,5,10330,买盘
1540,13:52:27,20.65,-0.01,5,10325,卖盘
1541,13:52:36,20.65,0.0,21,43382,卖盘
1542,13:52:45,20.65,0.0,8,16520,卖盘
1543,13:52:49,20.65,0.0,4,8260,卖盘
1544,13:52:57,20.65,0.0,5,10325,卖盘
1545,13:53:07,20.65,0.0,4,8260,卖盘
1546,13:53:18,20.65,0.0,12,24780,卖盘
1547,13:53:28,20.66,0.01,2,4132,买盘
1548,13:53:31,20.66,0.0,2,4132,买盘
1549,13:53:49,20.66,0.0,21,43386,买盘
1550,13:54:04,20.65,-0.01,6,12390,卖盘
1551,13:54:10,20.66,0.01,3,6198,买盘
1552,13:54:19,20.66,0.0,1,2066,买盘
1553,13:55:01,20.66,0.0,1,2066,买盘
1554,13:55:19,20.66,0.0,11,22726,买盘
1555,13:55:28,20.65,-0.01,4,8260,卖盘
1556,13:55:34,20.66,0.01,2,4132,买盘
1557,13:55:37,20.66,0.0,6,12396,卖盘
1558,13:55:49,20.66,0.0,2,4132,卖盘
1559,13:55:58,20.65,-0.01,4,8260,卖盘
1560,13:56:04,20.66,0.01,1,2066,买盘
1561,13:56:07,20.65,-0.01,5,10325,卖盘
1562,13:56:12,20.66,0.01,1,2066,买盘
1563,13:56:18,20.66,0.0,7,14458,买盘
1564,13:56:28,20.66,0.0,2,4132,卖盘
1565,13:56:36,20.65,-0.01,4,8260,卖盘
1566,13:56:49,20.65,0.0,4,8260,卖盘
1567,13:56:58,20.65,0.0,5,10325,卖盘
1568,13:57:09,20.65,0.0,6,12390,卖盘
1569,13:57:19,20.65,0.0,4,8260,卖盘
1570,13:57:27,20.65,0.0,5,10325,卖盘
1571,13:57:31,20.66,0.01,5,10330,买盘
1572,13:57:40,20.65,-0.01,5,10325,卖盘
1573,13:57:49,20.66,0.01,4,8264,卖盘
1574,13:57:58,20.66,0.0,5,10330,卖盘
1575,13:58:09,20.67,0.01,6,12398,买盘
1576,13:58:19,20.66,-0.01,5,10330,卖盘
1577,13:58:28,20.66,0.0,4,8264,卖盘
1578,13:58:40,20.66,0.0,4,8264,卖盘
1579,13:58:43,20.67,0.01,1,2067,买盘
1580,13:58:46,20.67,0.0,19,39273,买盘
1581,13:58:48,20.66,-0.01,5,10330,卖盘
1582,13:58:58,20.66,0.0,4,8264,卖盘
1583,13:59:01,20.66,0.0,1,2066,卖盘
1584,13:59:10,20.66,0.0,4,8264,卖盘
1585,13:59:19,20.66,0.0,5,10330,卖盘
1586,13:59:21,20.67,0.01,5,10335,买盘
1587,13:59:28,20.66,-0.01,4,8264,卖盘
1588,13:59:36,20.67,0.01,49,102110,买盘
1589,13:59:40,20.66,-0.01,5,10331,买盘
1590,13:59:49,20.66,0.0,2,3306,卖盘
1591,13:59:58,20.65,-0.01,6,13219,卖盘
1592,14:00:10,20.66,0.01,3,6198,卖盘
1593,14:00:19,20.66,0.0,6,12396,买盘
1594,14:00:25,20.66,0.0,14,28924,卖盘
1595,14:00:34,20.66,0.0,5,10330,买盘
1596,14:00:40,20.65,-0.01,5,10325,卖盘
1597,14:00:43,20.65,0.0,23,47495,卖盘
1598,14:00:46,20.66,0.01,5,10329,买盘
1599,14:00:49,20.64,-0.02,63,130041,卖盘
1600,14:00:58,20.64,0.0,4,8256,卖盘
1601,14:01:07,20.64,0.0,4,8256,卖盘
1602,14:01:10,20.64,0.0,5,10320,卖盘
1603,14:01:19,20.65,0.01,10,20646,买盘
1604,14:01:25,20.64,-0.01,10,20642,卖盘
1605,14:01:40,20.64,0.0,4,8256,卖盘
1606,14:01:49,20.64,0.0,4,8256,卖盘
1607,14:01:55,20.65,0.01,6,12390,买盘
1608,14:01:58,20.64,-0.01,5,10320,卖盘
1609,14:02:07,20.64,0.0,8,16512,卖盘
1610,14:02:10,20.64,0.0,4,8256,卖盘
1611,14:02:13,20.64,0.0,12,23942,卖盘
1612,14:02:19,20.63,-0.01,4,8252,卖盘
1613,14:02:28,20.63,0.0,5,10315,卖盘
1614,14:02:40,20.63,0.0,13,26819,卖盘
1615,14:02:49,20.63,0.0,4,8252,卖盘
1616,14:02:58,20.63,0.0,14,28882,卖盘
1617,14:03:10,20.63,0.0,4,8252,卖盘
1618,14:03:13,20.63,0.0,4,8252,卖盘
1619,14:03:16,20.64,0.01,2,4128,买盘
1620,14:03:19,20.63,-0.01,5,10315,卖盘
1621,14:03:28,20.63,0.0,13,26819,卖盘
1622,14:03:40,20.62,-0.01,4,8248,卖盘
1623,14:03:43,20.62,0.0,2,4124,卖盘
1624,14:03:49,20.62,0.0,5,10310,卖盘
1625,14:04:01,20.62,0.0,4,8248,卖盘
1626,14:04:10,20.62,0.0,4,8248,卖盘
1627,14:04:19,20.62,0.0,10,20620,卖盘
1628,14:04:28,20.63,0.01,4,8252,买盘
1629,14:04:31,20.62,-0.01,21,43308,卖盘
1630,14:04:39,20.62,0.0,5,10310,卖盘
1631,14:04:49,20.62,0.0,5,10311,卖盘
1632,14:05:01,20.62,0.0,4,8248,卖盘
1633,14:05:10,20.62,0.0,5,10310,卖盘
1634,14:05:19,20.62,0.0,4,8248,卖盘
1635,14:05:31,20.62,0.0,4,8248,卖盘
1636,14:05:40,20.61,-0.01,5,10305,卖盘
1637,14:05:49,20.62,0.01,2,4124,卖盘
1638,14:06:01,20.61,-0.01,5,10305,卖盘
1639,14:06:04,20.62,0.01,2,4124,买盘
1640,14:06:09,20.61,-0.01,14,28861,卖盘
1641,14:06:19,20.61,0.0,4,8244,卖盘
1642,14:06:31,20.61,0.0,4,8244,卖盘
1643,14:06:40,20.61,0.0,6,12372,卖盘
1644,14:06:48,20.61,0.0,4,8244,卖盘
1645,14:07:01,20.61,0.0,5,10305,卖盘
1646,14:07:10,20.61,0.0,4,8244,卖盘
1647,14:07:16,20.61,0.0,1,2061,卖盘
1648,14:07:19,20.61,0.0,4,8244,卖盘
1649,14:07:30,20.61,0.0,5,10305,卖盘
1650,14:07:40,20.61,0.0,4,8244,卖盘
1651,14:07:49,20.61,0.0,4,8244,卖盘
1652,14:08:01,20.61,0.0,5,10305,卖盘
1653,14:08:10,20.61,0.0,18,37098,卖盘
1654,14:08:19,20.61,0.0,5,10305,卖盘
1655,14:08:30,20.63,0.02,5,10307,买盘
1656,14:08:39,20.61,-0.02,4,8244,卖盘
1657,14:08:49,20.61,0.0,30,62730,卖盘
1658,14:09:01,20.63,0.02,4,8252,卖盘
1659,14:09:10,20.63,0.0,4,8252,卖盘
1660,14:09:16,20.65,0.02,10,20650,买盘
1661,14:09:18,20.65,0.0,15,30985,卖盘
1662,14:09:25,20.66,0.01,35,72310,买盘
1663,14:09:28,20.66,0.0,3,6198,买盘
1664,14:09:31,20.68,0.02,24,49624,买盘
1665,14:09:34,20.65,-0.03,28,57821,卖盘
1666,14:09:40,20.69,0.04,10,20686,买盘
1667,14:09:49,20.69,0.0,4,8276,卖盘
1668,14:09:52,20.7,0.01,5,10349,买盘
1669,14:10:01,20.68,-0.02,3,6206,卖盘
1670,14:10:04,20.7,0.02,6,12418,买盘
1671,14:10:10,20.7,0.0,5,10350,卖盘
1672,14:10:19,20.82,0.12,200,416074,买盘
1673,14:10:22,20.71,-0.11,4,8290,卖盘
1674,14:10:28,20.78,0.07,10,20780,卖盘
1675,14:10:37,20.82,0.04,25,52026,买盘
1676,14:10:39,20.77,-0.05,16,33267,卖盘
1677,14:10:46,20.79,0.02,10,20790,卖盘
1678,14:10:49,20.77,-0.02,1,2077,卖盘
1679,14:10:52,20.77,0.0,22,45694,卖盘
1680,14:11:01,20.72,-0.05,29,60322,卖盘
1681,14:11:09,20.71,-0.01,25,51993,卖盘
1682,14:11:22,20.73,0.02,4,8292,卖盘
1683,14:11:28,20.8,0.07,3,6240,买盘
1684,14:11:31,20.73,-0.07,4,8292,卖盘
1685,14:11:37,20.84,0.11,85,177128,买盘
1686,14:11:40,20.73,-0.11,3,6219,卖盘
1687,14:11:45,20.73,0.0,2,4146,买盘
1688,14:11:48,20.73,0.0,1,2073,买盘
1689,14:11:52,20.72,-0.01,24,49753,卖盘
1690,14:11:55,20.85,0.13,188,391922,买盘
1691,14:12:01,20.75,-0.1,5,10375,卖盘
1692,14:12:10,20.77,0.02,4,8308,中性盘
1693,14:12:13,20.82,0.05,64,133248,中性盘
1694,14:12:22,20.77,-0.05,1,2077,卖盘
1695,14:12:28,20.77,0.0,3,6231,买盘
1696,14:12:31,20.76,-0.01,5,10385,卖盘
1697,14:12:40,20.77,0.01,7,14548,卖盘
1698,14:12:46,20.8,0.03,5,10400,买盘
1699,14:12:52,20.77,-0.03,4,8308,卖盘
1700,14:12:58,20.8,0.03,10,20800,买盘
1701,14:13:01,20.75,-0.05,69,143194,卖盘
1702,14:13:07,20.75,0.0,2,4150,买盘
1703,14:13:10,20.74,-0.01,37,76771,卖盘
1704,14:13:16,20.75,0.01,12,24900,买盘
1705,14:13:19,20.75,0.0,17,35275,买盘
1706,14:13:22,20.74,-0.01,4,8296,卖盘
1707,14:13:28,20.75,0.01,2,4150,买盘
1708,14:13:31,20.74,-0.01,5,10370,卖盘
1709,14:13:39,20.74,0.0,2,4148,卖盘
1710,14:13:51,20.74,0.0,7,14513,买盘
1711,14:13:55,20.75,0.01,1,2075,买盘
1712,14:14:01,20.75,0.0,4,8300,卖盘
1713,14:14:06,20.75,0.0,4,8300,卖盘
1714,14:14:09,20.75,0.0,4,8300,卖盘
1715,14:14:22,20.75,0.0,4,8300,卖盘
1716,14:14:30,20.74,-0.01,4,8296,卖盘
1717,14:14:34,20.75,0.01,14,29037,买盘
1718,14:14:37,20.77,0.02,5,10385,买盘
1719,14:14:40,20.75,-0.02,3,6225,卖盘
1720,14:14:51,20.75,0.0,10,20740,买盘
1721,14:15:01,20.73,-0.02,4,8292,卖盘
1722,14:15:09,20.74,0.01,4,8296,中性盘
1723,14:15:21,20.74,0.0,5,10370,卖盘
1724,14:15:31,20.74,0.0,4,8296,卖盘
1725,14:15:40,20.74,0.0,5,10370,卖盘
1726,14:15:51,20.75,0.01,4,8300,卖盘
1727,14:16:00,20.75,0.0,4,8300,卖盘
1728,14:16:10,20.75,0.0,2,4150,卖盘
1729,14:16:22,20.75,0.0,5,10371,买盘
1730,14:16:31,20.75,0.0,6,12450,买盘
1731,14:16:42,20.75,0.0,5,10375,卖盘
1732,14:16:52,20.74,-0.01,4,8298,卖盘
1733,14:16:54,20.8,0.06,5,10400,买盘
1734,14:17:04,20.72,-0.08,5,10360,卖盘
1735,14:17:07,20.81,0.09,8,16648,买盘
1736,14:17:13,20.73,-0.08,4,8292,卖盘
1737,14:17:22,20.74,0.01,4,8296,卖盘
1738,14:17:30,20.75,0.01,5,10375,卖盘
1739,14:17:43,20.75,0.0,4,8300,卖盘
1740,14:17:52,20.75,0.0,4,8300,卖盘
1741,14:17:55,20.79,0.04,5,10395,买盘
1742,14:18:01,20.76,-0.03,5,10380,中性盘
1743,14:18:12,20.8,0.04,8,16624,买盘
1744,14:18:21,20.75,-0.05,4,8302,卖盘
1745,14:18:31,20.75,0.0,5,10376,中性盘
1746,14:18:42,20.75,0.0,1,2075,卖盘
1747,14:18:46,20.75,0.0,2,4150,买盘
1748,14:18:52,20.75,0.0,6,12440,买盘
1749,14:19:01,20.73,-0.02,4,8292,卖盘
1750,14:19:13,20.73,0.0,4,8293,卖盘
1751,14:19:22,20.75,0.02,5,10375,卖盘
1752,14:19:31,20.75,0.0,4,8300,卖盘
1753,14:19:42,20.75,0.0,4,8300,卖盘
1754,14:19:49,20.75,0.0,4,8300,买盘
1755,14:19:52,20.75,0.0,5,10375,卖盘
1756,14:20:04,20.75,0.0,4,8300,卖盘
1757,14:20:12,20.75,0.0,4,8300,卖盘
1758,14:20:22,20.75,0.0,2,4150,卖盘
1759,14:20:31,20.73,-0.02,8,16592,卖盘
1760,14:20:42,20.73,0.0,5,10365,卖盘
1761,14:20:46,20.73,0.0,4,8292,卖盘
1762,14:20:49,20.73,0.0,7,14511,卖盘
1763,14:20:52,20.73,0.0,11,22803,卖盘
1764,14:20:55,20.73,0.0,2,4146,买盘
1765,14:21:01,20.72,-0.01,7,14507,卖盘
1766,14:21:13,20.72,0.0,5,10360,卖盘
1767,14:21:16,20.72,0.0,8,16583,卖盘
1768,14:21:22,20.72,0.0,4,8288,卖盘
1769,14:21:25,20.72,0.0,6,12432,卖盘
1770,14:21:31,20.72,0.0,4,8288,卖盘
1771,14:21:42,20.71,-0.01,5,10359,卖盘
1772,14:21:46,20.71,0.0,5,10355,卖盘
1773,14:21:52,20.71,0.0,4,8284,卖盘
1774,14:21:57,20.76,0.05,10,20740,买盘
1775,14:22:04,20.71,-0.05,4,8284,卖盘
1776,14:22:13,20.71,0.0,5,10355,卖盘
1777,14:22:22,20.71,0.0,4,8284,卖盘
1778,14:22:28,20.7,-0.01,10,20707,卖盘
1779,14:22:43,20.69,-0.01,4,8276,中性盘
1780,14:22:52,20.69,0.0,4,8276,卖盘
1781,14:23:01,20.71,0.02,16,33136,买盘
1782,14:23:04,20.71,0.0,5,10355,卖盘
1783,14:23:13,20.71,0.0,4,8284,卖盘
1784,14:23:22,20.71,0.0,5,10361,卖盘
1785,14:23:28,20.65,-0.06,81,167568,卖盘
1786,14:23:46,20.75,0.1,1,2075,买盘
1787,14:23:55,20.65,-0.1,14,28912,卖盘
1788,14:24:28,20.73,0.08,156,322607,中性盘
1789,14:25:10,20.73,0.0,1,2073,买盘
1790,14:25:19,20.65,-0.08,45,92950,卖盘
1791,14:25:34,20.68,0.03,4,8272,卖盘
1792,14:25:43,20.68,0.0,5,10340,卖盘
1793,14:25:49,20.73,0.05,2,4146,买盘
1794,14:25:54,20.65,-0.08,4,8260,卖盘
1795,14:25:58,20.73,0.08,1,2073,买盘
1796,14:26:04,20.65,-0.08,4,8260,卖盘
1797,14:26:13,20.64,-0.01,5,10320,卖盘
1798,14:26:25,20.64,0.0,4,8259,卖盘
1799,14:26:28,20.62,-0.02,20,41255,卖盘
1800,14:26:43,20.62,0.0,4,8248,卖盘
1801,14:26:54,20.63,0.01,14,28887,卖盘
1802,14:27:04,20.62,-0.01,5,10310,卖盘
1803,14:27:06,20.63,0.01,3,6189,买盘
1804,14:27:10,20.63,0.0,26,53638,买盘
1805,14:27:13,20.64,0.01,4,8256,卖盘
1806,14:27:24,20.64,0.0,4,8262,卖盘
1807,14:27:31,20.68,0.04,1,2068,中性盘
1808,14:27:34,20.71,0.03,6,12391,买盘
1809,14:27:37,20.64,-0.07,7,14448,卖盘
1810,14:27:43,20.64,0.0,4,8256,卖盘
1811,14:27:54,20.64,0.0,4,8256,卖盘
1812,14:28:01,20.64,0.0,1,2064,卖盘
1813,14:28:04,20.64,0.0,3,6192,卖盘
1814,14:28:07,20.64,0.0,4,8256,买盘
1815,14:28:13,20.63,-0.01,4,8252,卖盘
1816,14:28:22,20.64,0.01,7,14448,买盘
1817,14:28:25,20.63,-0.01,11,22697,卖盘
1818,14:28:28,20.63,0.0,20,41260,卖盘
1819,14:28:34,20.64,0.01,4,8256,卖盘
1820,14:28:40,20.71,0.07,1,2071,买盘
1821,14:28:46,20.64,-0.07,4,8256,卖盘
1822,14:28:55,20.64,0.0,5,10320,卖盘
1823,14:29:04,20.65,0.01,4,8260,卖盘
1824,14:29:16,20.65,0.0,4,8260,卖盘
1825,14:29:24,20.65,0.0,5,10325,卖盘
1826,14:29:34,20.65,0.0,4,8260,卖盘
1827,14:29:45,20.65,0.0,5,10325,卖盘
1828,14:29:52,20.65,0.0,5,10325,卖盘
1829,14:29:55,20.65,0.0,4,8260,卖盘
1830,14:30:04,20.65,0.0,4,8260,卖盘
1831,14:30:16,20.65,0.0,5,10325,卖盘
1832,14:30:24,20.65,0.0,4,8260,卖盘
1833,14:30:34,20.65,0.0,4,8260,卖盘
1834,14:30:46,20.66,0.01,5,10330,卖盘
1835,14:30:49,20.7,0.04,4,8280,买盘
1836,14:30:55,20.66,-0.04,4,8264,卖盘
1837,14:31:04,20.67,0.01,4,8268,中性盘
1838,14:31:16,20.67,0.0,5,10335,卖盘
1839,14:31:25,20.69,0.02,4,8276,卖盘
1840,14:31:28,20.67,-0.02,10,20672,卖盘
1841,14:31:33,20.68,0.01,5,10340,卖盘
1842,14:31:46,20.68,0.0,1,2068,卖盘
1843,14:31:55,20.67,-0.01,4,8268,卖盘
1844,14:32:04,20.67,0.0,5,10335,卖盘
1845,14:32:16,20.67,0.0,2,4134,卖盘
1846,14:32:25,20.66,-0.01,9,18606,卖盘
1847,14:32:34,20.66,0.0,5,10330,卖盘
1848,14:32:36,20.7,0.04,20,41397,买盘
1849,14:32:46,20.69,-0.01,10,20678,中性盘
1850,14:32:54,20.7,0.01,9,18610,买盘
1851,14:33:04,20.66,-0.04,5,10330,卖盘
1852,14:33:16,20.66,0.0,4,8264,卖盘
1853,14:33:25,20.67,0.01,5,10335,卖盘
1854,14:33:34,20.67,0.0,4,8268,卖盘
1855,14:33:37,20.68,0.01,1,2068,买盘
1856,14:33:46,20.67,-0.01,1,2067,卖盘
1857,14:33:55,20.66,-0.01,4,8264,卖盘
1858,14:34:04,20.65,-0.01,4,8260,卖盘
1859,14:34:13,20.65,0.0,6,12390,卖盘
1860,14:34:16,20.65,0.0,4,8260,卖盘
1861,14:34:24,20.65,0.0,5,10325,卖盘
1862,14:34:31,20.66,0.01,1,2066,买盘
1863,14:34:33,20.65,-0.01,4,8260,卖盘
1864,14:34:45,20.65,0.0,14,28910,卖盘
1865,14:34:55,20.66,0.01,5,10330,卖盘
1866,14:35:04,20.65,-0.01,4,8260,卖盘
1867,14:35:16,20.65,0.0,6,12390,卖盘
1868,14:35:25,20.65,0.0,4,8260,卖盘
1869,14:35:28,20.65,0.0,5,10325,卖盘
1870,14:35:37,20.65,0.0,3,6195,卖盘
1871,14:35:40,20.65,0.0,1,2065,买盘
1872,14:35:46,20.65,0.0,4,8260,卖盘
1873,14:35:49,20.65,0.0,1,2065,买盘
1874,14:35:55,20.65,0.0,4,8260,中性盘
1875,14:35:58,20.67,0.02,8,16536,买盘
1876,14:36:01,20.72,0.05,23,47630,买盘
1877,14:36:07,20.72,0.0,4,8288,卖盘
1878,14:36:16,20.72,0.0,24,49759,卖盘
1879,14:36:22,20.72,0.0,5,10360,卖盘
1880,14:36:25,20.73,0.01,6,12434,买盘
1881,14:36:28,20.75,0.02,73,151459,买盘
1882,14:36:37,20.75,0.0,24,49768,买盘
1883,14:36:46,20.72,-0.03,5,10360,卖盘
1884,14:36:55,20.73,0.01,4,8292,中性盘
1885,14:37:01,20.8,0.07,66,137166,买盘
1886,14:37:05,20.8,0.0,2,4160,卖盘
1887,14:37:07,20.8,0.0,21,43680,卖盘
1888,14:37:10,20.8,0.0,2,4160,卖盘
1889,14:37:13,20.8,0.0,49,101920,卖盘
1890,14:37:22,20.8,0.0,2,4160,买盘
1891,14:37:25,20.73,-0.07,4,8292,卖盘
1892,14:37:37,20.74,0.01,43,89182,卖盘
1893,14:37:46,20.73,-0.01,4,8292,卖盘
1894,14:37:54,20.73,0.0,14,29022,卖盘
1895,14:38:07,20.73,0.0,5,10365,卖盘
1896,14:38:13,20.73,0.0,4,8295,卖盘
1897,14:38:16,20.75,0.02,1,2075,买盘
1898,14:38:22,20.78,0.03,14,29064,买盘
1899,14:38:25,20.75,-0.03,5,10375,卖盘
1900,14:38:33,20.75,0.0,22,45650,卖盘
1901,14:38:40,20.79,0.04,12,24932,买盘
1902,14:38:46,20.73,-0.06,4,8294,卖盘
1903,14:38:54,20.73,0.0,5,10365,卖盘
1904,14:39:07,20.73,0.0,4,8292,卖盘
1905,14:39:13,20.75,0.02,5,10375,买盘
1906,14:39:16,20.74,-0.01,10,20740,卖盘
1907,14:39:24,20.75,0.01,3,6225,卖盘
1908,14:39:27,20.73,-0.02,7,14511,卖盘
1909,14:39:37,20.73,0.0,4,8292,卖盘
1910,14:39:45,20.73,0.0,3,6219,卖盘
1911,14:39:52,20.73,0.0,1,2073,买盘
1912,14:39:55,20.73,0.0,5,10365,卖盘
1913,14:40:05,20.72,-0.01,21,43523,卖盘
1914,14:40:16,20.7,-0.02,32,66294,卖盘
1915,14:40:25,20.71,0.01,4,8284,卖盘
1916,14:40:37,20.71,0.0,4,8284,卖盘
1917,14:40:46,20.71,0.0,5,10355,卖盘
1918,14:40:54,20.71,0.0,4,8284,卖盘
1919,14:41:07,20.71,0.0,2,4142,卖盘
1920,14:41:10,20.71,0.0,2,4142,买盘
1921,14:41:16,20.71,0.0,5,10355,卖盘
1922,14:41:25,20.71,0.0,4,8284,卖盘
1923,14:41:37,20.7,-0.01,4,8280,卖盘
1924,14:41:46,20.71,0.01,13,26931,卖盘
1925,14:41:55,20.7,-0.01,48,99365,卖盘
1926,14:42:07,20.7,0.0,9,18630,卖盘
1927,14:42:10,20.71,0.01,10,20710,买盘
1928,14:42:16,20.66,-0.05,4,8264,卖盘
1929,14:42:28,20.66,0.0,4,8264,卖盘
1930,14:42:36,20.68,0.02,5,10340,卖盘
1931,14:42:46,20.68,0.0,9,18612,卖盘
1932,14:42:58,20.68,0.0,4,8272,卖盘
1933,14:43:07,20.68,0.0,5,10340,卖盘
1934,14:43:19,20.68,0.0,4,8272,卖盘
1935,14:43:28,20.68,0.0,5,10340,卖盘
1936,14:43:34,20.62,-0.06,400,825858,卖盘
1937,14:43:37,20.68,0.06,5,10340,卖盘
1938,14:43:46,20.68,0.0,4,8272,卖盘
1939,14:43:58,20.68,0.0,5,10340,卖盘
1940,14:44:07,20.7,0.02,6,12412,买盘
1941,14:44:10,20.68,-0.02,13,26900,卖盘
1942,14:44:16,20.63,-0.05,4,8252,中性盘
1943,14:44:28,20.63,0.0,3,6189,卖盘
1944,14:44:31,20.68,0.05,10,20670,买盘
1945,14:44:37,20.63,-0.05,4,8252,卖盘
1946,14:44:46,20.63,0.0,4,8252,卖盘
1947,14:44:55,20.63,0.0,11,22733,卖盘
1948,14:44:58,20.63,0.0,5,10315,卖盘
1949,14:45:07,20.63,0.0,4,8252,卖盘
1950,14:45:16,20.63,0.0,4,8252,卖盘
1951,14:45:19,20.68,0.05,23,47461,买盘
1952,14:45:21,20.63,-0.05,40,82520,卖盘
1953,14:45:28,20.63,0.0,5,10315,卖盘
1954,14:45:34,20.63,0.0,5,10315,卖盘
1955,14:45:37,20.63,0.0,4,8252,卖盘
1956,14:45:40,20.62,-0.01,26,53633,卖盘
1957,14:45:46,20.63,0.01,5,10315,卖盘
1958,14:45:49,20.68,0.05,27,55836,买盘
1959,14:45:58,20.62,-0.06,4,8248,卖盘
1960,14:46:07,20.62,0.0,4,8251,卖盘
1961,14:46:16,20.63,0.01,5,10315,中性盘
1962,14:46:22,20.63,0.0,3,6189,卖盘
1963,14:46:28,20.63,0.0,4,8254,卖盘
1964,14:46:37,20.63,0.0,14,28882,卖盘
1965,14:46:46,20.63,0.0,5,10315,卖盘
1966,14:46:57,20.63,0.0,4,8252,卖盘
1967,14:47:01,20.63,0.0,50,103150,卖盘
1968,14:47:07,20.63,0.0,5,10315,卖盘
1969,14:47:13,20.63,0.0,1,2063,卖盘
1970,14:47:16,20.63,0.0,4,8252,卖盘
1971,14:47:19,20.63,0.0,20,41260,卖盘
1972,14:47:25,20.68,0.05,59,121997,买盘
1973,14:47:28,20.63,-0.05,34,70247,卖盘
1974,14:47:37,20.64,0.01,15,30952,中性盘
1975,14:47:43,20.66,0.02,7,14462,买盘
1976,14:47:49,20.64,-0.02,4,8262,卖盘
1977,14:47:58,20.64,0.0,4,8256,卖盘
1978,14:48:01,20.64,0.0,3,6192,卖盘
1979,14:48:07,20.64,0.0,5,10320,卖盘
1980,14:48:13,20.65,0.01,1,2065,卖盘
1981,14:48:22,20.64,-0.01,20,41280,卖盘
1982,14:48:25,20.66,0.02,5,10326,买盘
1983,14:48:27,20.64,-0.02,2,4128,卖盘
1984,14:48:36,20.64,0.0,2,4128,买盘
1985,14:48:40,20.63,-0.01,5,10315,卖盘
1986,14:48:49,20.63,0.0,63,129969,卖盘
1987,14:48:52,20.63,0.0,4,8252,卖盘
1988,14:48:55,20.66,0.03,94,194204,买盘
1989,14:48:58,20.63,-0.03,3,6189,卖盘
1990,14:49:05,20.63,0.0,14,28882,卖盘
1991,14:49:19,20.63,0.0,10,20630,卖盘
1992,14:49:40,20.63,0.0,2,4126,卖盘
1993,14:49:43,20.63,0.0,20,41266,卖盘
1994,14:49:46,20.63,0.0,5,10315,卖盘
1995,14:49:55,20.63,0.0,5,10315,卖盘
1996,14:49:58,20.63,0.0,88,181544,卖盘
1997,14:50:00,20.63,0.0,8,16504,卖盘
1998,14:50:07,20.62,-0.01,25,51550,卖盘
1999,14:50:31,20.64,0.02,2,4126,买盘
2000,14:50:37,20.62,-0.02,78,160073,卖盘
2001,14:50:43,20.62,0.0,7,14434,卖盘
2002,14:50:55,20.63,0.01,175,360852,买盘
2003,14:51:07,20.62,-0.01,295,609053,卖盘
2004,14:51:22,20.62,0.0,22,45344,买盘
2005,14:51:25,20.62,0.0,6,11606,买盘
2006,14:51:31,20.61,-0.01,20,41237,卖盘
2007,14:51:37,20.6,-0.01,153,315202,卖盘
2008,14:51:43,20.6,0.0,4,8240,卖盘
2009,14:52:04,20.6,0.0,24,49440,卖盘
2010,14:52:10,20.6,0.0,25,51500,卖盘
2011,14:52:22,20.6,0.0,30,61810,卖盘
2012,14:52:25,20.6,0.0,16,32960,卖盘
2013,14:52:37,20.6,0.0,8,16480,卖盘
2014,14:52:40,20.59,-0.01,60,123535,卖盘
2015,14:52:43,20.6,0.01,51,105060,买盘
2016,14:52:46,20.6,0.0,126,259560,买盘
2017,14:52:58,20.61,0.01,44,90651,买盘
2018,14:53:01,20.59,-0.02,1,2059,卖盘
2019,14:53:04,20.59,0.0,27,55577,买盘
2020,14:53:10,20.6,0.01,13,26776,买盘
2021,14:53:22,20.59,-0.01,18,37062,卖盘
2022,14:53:28,20.59,0.0,7,14413,卖盘
2023,14:53:34,20.59,0.0,4,8236,买盘
2024,14:53:43,20.58,-0.01,17,34986,卖盘
2025,14:53:49,20.59,0.01,4,8236,买盘
2026,14:53:52,20.58,-0.01,15,30870,卖盘
2027,14:53:55,20.59,0.01,3,6177,买盘
2028,14:53:58,20.58,-0.01,33,67914,卖盘
2029,14:54:07,20.59,0.01,5,10292,买盘
2030,14:54:13,20.59,0.0,29,59711,买盘
2031,14:54:19,20.59,0.0,7,14412,买盘
2032,14:54:25,20.59,0.0,10,20590,卖盘
2033,14:54:31,20.59,0.0,20,41180,卖盘
2034,14:54:34,20.6,0.01,31,63860,买盘
2035,14:54:37,20.59,-0.01,10,20590,卖盘
2036,14:54:49,20.59,0.0,10,20590,买盘
2037,14:54:52,20.59,0.0,4,8236,买盘
2038,14:54:55,20.59,0.0,3,6177,买盘
2039,14:54:58,20.59,0.0,1,2059,买盘
2040,14:55:04,20.59,0.0,8,16472,买盘
2041,14:55:07,20.58,-0.01,9,18525,卖盘
2042,14:55:10,20.59,0.01,95,195525,卖盘
2043,14:55:19,20.59,0.0,35,72035,买盘
2044,14:55:22,20.58,-0.01,3,6174,卖盘
2045,14:55:25,20.59,0.01,2,4117,买盘
2046,14:55:28,20.59,0.0,2,4118,买盘
2047,14:55:34,20.58,-0.01,5,10290,卖盘
2048,14:55:37,20.58,0.0,17,34986,卖盘
2049,14:55:46,20.59,0.01,10,20590,买盘
2050,14:55:52,20.59,0.0,40,82339,买盘
2051,14:55:55,20.58,-0.01,45,92610,卖盘
2052,14:55:58,20.58,0.0,10,20580,卖盘
2053,14:56:07,20.59,0.01,99,203841,买盘
2054,14:56:10,20.57,-0.02,207,426081,卖盘
2055,14:56:13,20.58,0.01,4,8232,中性盘
2056,14:56:16,20.6,0.02,23,47338,买盘
2057,14:56:31,20.58,-0.02,3,6174,卖盘
2058,14:56:34,20.58,0.0,5,10291,卖盘
2059,14:56:40,20.6,0.02,1,2060,买盘
2060,14:56:43,20.6,0.0,1,2060,买盘
2061,14:56:46,20.58,-0.02,28,57626,卖盘
2062,14:56:49,20.6,0.02,10,20600,买盘
2063,14:56:52,20.6,0.0,18,37080,买盘
2064,14:56:55,20.6,0.0,7,14420,买盘
2065,14:56:58,20.6,0.0,3,6180,买盘
2066,15:00:05,20.58,-0.02,251,516558,卖盘
